timestamp,utilisation,occupancy,volume,volume_11kw,duration,e_price,s_price
2022-09-01,0.285791,5010.48,1.87284e+06,769174,91988.3,0.953711,0.72209
2022-09-02,0.291043,5102.56,1.89581e+06,789316,94361.1,0.953354,0.721566
2022-09-03,0.277616,4867.17,1.76925e+06,706645,88481.9,0.951377,0.723479
2022-09-04,0.24846,4356,1.37509e+06,589849,76498.5,0.951407,0.723792
2022-09-05,0.247636,4341.56,1.65967e+06,633365,77155.6,0.951709,0.723839
2022-09-06,0.272413,4775.94,1.90675e+06,738755,85954.2,0.951653,0.724079
2022-09-07,0.268745,4711.65,1.85869e+06,731637,85618.5,0.952463,0.723721
2022-09-08,0.26994,4732.58,1.89521e+06,737830,87120.5,0.952189,0.723927
2022-09-09,0.282024,4944.44,1.9338e+06,778398,91642.8,0.952743,0.723575
2022-09-10,0.304869,5344.96,2.00571e+06,823456,100662,0.952421,0.723493
2022-09-11,0.288825,5063.69,1.76571e+06,757108,93975.9,0.952411,0.723372
2022-09-12,0.297171,5210,1.8863e+06,801679,98255,0.952567,0.723262
2022-09-13,0.289209,5070.42,1.93072e+06,794892,94351.2,0.95273,0.723662
2022-09-14,0.337385,5915.04,2.13476e+06,944594,114400,0.952933,0.723222
2022-09-15,0.288886,5064.75,1.98821e+06,804119,94063.8,0.952599,0.723567
2022-09-16,0.287789,5045.52,1.98769e+06,817888,94596.7,0.954214,0.723125
2022-09-17,0.31016,5437.73,2.08367e+06,847948,101955,0.95652,0.721066
2022-09-18,0.307534,5391.69,1.99371e+06,825207,100744,0.952832,0.724751
2022-09-19,0.284818,4993.44,1.94522e+06,765728,91372.3,0.95233,0.725255
2022-09-20,0.296959,5206.29,1.95636e+06,785486,92680.2,0.954815,0.721866
2022-09-21,0.287175,5034.75,2.00507e+06,781677,91644.3,0.954832,0.722767
2022-09-22,0.286902,5029.96,1.97897e+06,786357,92940.1,0.954466,0.723123
2022-09-23,0.289313,5072.23,1.92827e+06,785771,93607,0.954106,0.723493
2022-09-24,0.313265,5492.17,2.04365e+06,833413,100129,0.954517,0.722769
2022-09-25,0.305178,5350.38,1.94898e+06,816539,100861,0.954785,0.72286
2022-09-26,0.290983,5101.52,1.95314e+06,812120,95498.8,0.954801,0.722821
2022-09-27,0.287782,5045.4,1.9716e+06,796633,94248.6,0.954229,0.723568
2022-09-28,0.286994,5031.58,1.97826e+06,793823,94025.5,0.955455,0.722907
2022-09-29,0.292334,5125.21,2.01571e+06,809421,95659.2,0.954772,0.723262
2022-09-30,0.289996,5084.21,1.97506e+06,808294,95274.7,0.954965,0.723212
2022-10-01,0.326837,5730.1,2.028e+06,866500,109808,0.954689,0.719703
2022-10-02,0.277156,4859.1,1.60988e+06,710127,88288.2,0.953026,0.721936
2022-10-03,0.266479,4671.92,1.60274e+06,684318,83887.1,0.952949,0.722139
2022-10-04,0.271915,4767.21,1.61721e+06,685124,85105.4,0.953031,0.722116
2022-10-05,0.282575,4954.1,1.72434e+06,727556,89877.6,0.952617,0.722236
2022-10-06,0.291341,5107.79,1.79435e+06,748093,93650.8,0.95301,0.722174
2022-10-07,0.296501,5198.25,1.8608e+06,773497,95647.8,0.952396,0.7221
2022-10-08,0.284779,4992.75,1.83627e+06,777244,91863.3,0.953264,0.72214
2022-10-09,0.284639,4990.29,1.85931e+06,784049,93101.2,0.953388,0.721787
2022-10-10,0.279053,4892.35,1.80468e+06,748255,90786.6,0.953261,0.721884
2022-10-11,0.281845,4941.31,1.79697e+06,746619,91288.3,0.95315,0.722681
2022-10-12,0.280611,4919.67,1.76407e+06,736884,90459.2,0.953492,0.722187
2022-10-13,0.278496,4882.58,1.767e+06,737939,90299.9,0.953742,0.721615
2022-10-14,0.281936,4942.9,1.77909e+06,768493,92111.2,0.953244,0.722099
2022-10-15,0.296312,5194.94,1.88869e+06,806078,98635.8,0.952953,0.721989
2022-10-16,0.294077,5155.75,1.86915e+06,789775,97445.3,0.952758,0.722697
2022-10-17,0.275838,4836,1.75819e+06,748320,90020.7,0.953283,0.722247
2022-10-18,0.272925,4784.92,1.75697e+06,728345,88790.2,0.95355,0.721895
2022-10-19,0.26714,4683.5,1.76563e+06,736143,87848.7,0.952317,0.721788
2022-10-20,0.269294,4721.27,1.77753e+06,738558,88845.4,0.952711,0.721696
2022-10-21,0.279491,4900.04,1.85111e+06,771509,92791.2,0.952375,0.722917
2022-10-22,0.28691,5030.1,1.92236e+06,799060,97550.2,0.952284,0.722038
2022-10-23,0.290775,5097.88,1.81605e+06,773965,95715.4,0.951314,0.7233
2022-10-24,0.263758,4624.21,1.74491e+06,683487,77383.5,0.952019,0.721216
2022-10-25,0.276502,4847.62,1.83683e+06,765726,92317.1,0.952054,0.721191
2022-10-26,0.318867,5590.38,1.53834e+06,479642,50789,0.951685,0.721631
2022-10-27,0.31831,5580.6,1.47548e+06,438208,44043.2,0.952707,0.720973
2022-10-28,0.315809,5536.77,1.64239e+06,515041,54840.2,0.952171,0.721213
2022-10-29,0.315689,5534.67,1.65874e+06,528312,57676.3,0.951888,0.721303
2022-10-30,0.31413,5507.33,1.60312e+06,519387,58022.3,0.952048,0.721087
2022-10-31,0.310309,5440.33,1.57118e+06,526531,57036.5,0.951917,0.721597
2022-11-01,0.158256,2774.54,1.56055e+06,466657,48551.7,0.952322,0.718745
2022-11-02,0.156592,2745.38,1.58608e+06,460324,47604.3,0.950828,0.721234
2022-11-03,0.282655,4955.5,1.80065e+06,747878,88458.8,0.9531,0.72397
2022-11-04,0.294161,5157.23,1.8235e+06,770006,92305.4,0.953709,0.72229
2022-11-05,0.291037,5102.46,1.91379e+06,821176,100355,0.950296,0.722634
2022-11-06,0.285484,5005.1,1.88609e+06,787552,97621.3,0.950307,0.72253
2022-11-07,0.265067,4647.15,1.7567e+06,731402,88985.3,0.950235,0.722796
2022-11-08,0.271599,4761.67,1.80999e+06,755124,91480.7,0.950373,0.722425
2022-11-09,0.27666,4850.4,1.67372e+06,708048,85116.3,0.942975,0.727922
2022-11-10,0.278486,4882.42,1.7939e+06,748642,88689.5,0.950371,0.722231
2022-11-11,0.283101,4963.33,1.81297e+06,762344,90327.7,0.950194,0.722823
2022-11-12,0.296743,5202.5,1.88119e+06,799908,96204.3,0.950098,0.722692
2022-11-13,0.296612,5200.21,1.8753e+06,779435,95561,0.950337,0.723573
2022-11-14,0.286869,5029.4,1.87796e+06,758838,91668.8,0.950085,0.723999
2022-11-15,0.282764,4957.42,1.79653e+06,747149,89147.5,0.950117,0.723975
2022-11-16,0.277514,4865.38,1.817e+06,747664,89363.8,0.950558,0.723866
2022-11-17,0.286172,5017.17,1.85805e+06,741726,88462.3,0.952243,0.721247
2022-11-18,0.279578,4901.56,1.90203e+06,786182,94250.5,0.95103,0.723354
2022-11-19,0.297265,5211.65,1.91738e+06,833808,101517,0.951109,0.723526
2022-11-20,0.296986,5206.75,1.8928e+06,814017,100493,0.950537,0.723802
2022-11-21,0.282436,4951.67,1.79361e+06,780788,93924.7,0.95135,0.722977
2022-11-22,0.278705,4886.25,1.78083e+06,768614,92351,0.950889,0.723414
2022-11-23,0.274971,4820.79,1.79343e+06,753665,90860.9,0.950206,0.723802
2022-11-24,0.272775,4782.29,1.73323e+06,741304,90036.1,0.950547,0.723434
2022-11-25,0.273313,4791.73,1.83567e+06,759687,91267,0.950957,0.7232
2022-11-26,0.289136,5069.12,1.83975e+06,797854,97524,0.950567,0.723365
2022-11-27,0.289562,5076.6,1.80259e+06,789220,97623.2,0.95087,0.723588
2022-11-28,0.272979,4785.88,1.6937e+06,740507,90459.8,0.950349,0.723585
2022-11-29,0.273932,4802.58,1.71178e+06,757855,91037.9,0.950475,0.723468
2022-11-30,0.271224,4755.1,1.69771e+06,742557,89285.1,0.950475,0.723449
2022-12-01,0.27096,4750.48,1.7882e+06,742482,89353.8,0.951948,0.721146
2022-12-02,0.280864,4924.1,1.86456e+06,777462,92930.6,0.949903,0.723778
2022-12-03,0.302857,5309.69,1.90789e+06,821603,101938,0.949927,0.723675
2022-12-04,0.296061,5190.54,1.79666e+06,797805,99216.6,0.950034,0.723364
2022-12-05,0.281091,4928.08,1.77845e+06,766170,92145,0.950354,0.723084
2022-12-06,0.283917,4977.62,1.89876e+06,775472,92677.8,0.950049,0.723424
2022-12-07,0.293501,5145.67,1.83377e+06,687720,91047.7,0.949734,0.723625
2022-12-08,0.292116,5121.38,1.73022e+06,681357,90414.8,0.95061,0.723709
2022-12-09,0.333018,5838.48,1.53222e+06,625685,83292.6,0.950971,0.721951
2022-12-10,0.305841,5362,2.03714e+06,841094,102456,0.950348,0.723291
2022-12-11,0.306402,5371.83,2.05253e+06,835179,102106,0.950032,0.723362
2022-12-12,0.288949,5065.85,1.96683e+06,779495,94252.1,0.950056,0.723602
2022-12-13,0.286804,5028.25,1.93203e+06,788382,93928.2,0.950118,0.723516
2022-12-14,0.289796,5080.71,2.05798e+06,798760,95001,0.949867,0.723601
2022-12-15,0.294536,5163.81,1.97841e+06,793389,94457.2,0.949829,0.723458
2022-12-16,0.289512,5075.73,1.99089e+06,794145,94298.2,0.950141,0.723466
2022-12-17,0.303362,5318.54,1.96107e+06,826056,99993.9,0.950068,0.723518
2022-12-18,0.296442,5197.23,1.84954e+06,785896,96563.3,0.949951,0.723623
2022-12-19,0.281464,4934.62,1.84787e+06,754052,90800.2,0.949994,0.723507
2022-12-20,0.281855,4941.48,1.80923e+06,751797,89935.8,0.950265,0.723035
2022-12-21,0.27479,4817.62,1.71884e+06,720576,87224.7,0.9497,0.723944
2022-12-22,0.266891,4679.12,1.70899e+06,688737,84425.6,0.950096,0.723482
2022-12-23,0.266362,4669.85,1.66965e+06,675005,84057.2,0.950374,0.72325
2022-12-24,0.265746,4659.06,1.61287e+06,664138,82864.2,0.950282,0.723237
2022-12-25,0.26048,4566.73,1.53268e+06,632388,80374,0.950044,0.723595
2022-12-26,0.261096,4577.54,1.60066e+06,643859,80227.7,0.950339,0.723478
2022-12-27,0.267765,4694.46,1.70337e+06,661705,82546.3,0.950071,0.723052
2022-12-28,0.268623,4709.5,1.71907e+06,668872,82970,0.949465,0.723441
2022-12-29,0.27082,4748.02,1.70487e+06,677365,84112.4,0.950086,0.722879
2022-12-30,0.279137,4893.83,1.81723e+06,711112,88509.9,0.94956,0.723311
2022-12-31,0.291997,5119.29,1.86214e+06,731910,91652.5,0.949934,0.723136
2023-01-01,0.285432,5004.19,1.77051e+06,704688,90059,0.951391,0.721418
2023-01-02,0.288316,5054.75,1.73735e+06,715517,91571,0.95142,0.724309
2023-01-03,0.287695,5043.88,1.85986e+06,736198,91999.8,0.951785,0.724292
2023-01-04,0.286202,5017.69,1.83655e+06,739337,91823.2,0.951434,0.724545
2023-01-05,0.286319,5019.75,1.80519e+06,723760,90444.4,0.951351,0.724617
2023-01-06,0.288907,5065.12,1.78116e+06,735161,91135.6,0.951622,0.724502
2023-01-07,0.302934,5311.04,1.88456e+06,791895,98443,0.951824,0.724148
2023-01-08,0.298409,5231.71,1.81377e+06,750114,96216.8,0.951375,0.724531
2023-01-09,0.281901,4942.29,1.72555e+06,700520,88491.8,0.951347,0.724751
2023-01-10,0.278965,4890.81,1.76658e+06,709954,88002.7,0.951712,0.72387
2023-01-11,0.279919,4907.54,1.70319e+06,715034,88350.2,0.95151,0.724201
2023-01-12,0.282441,4951.75,1.64768e+06,708960,89006.9,0.951004,0.724823
2023-01-13,0.278783,4887.62,1.5582e+06,696330,87557.3,0.951247,0.724458
2023-01-14,0.285479,5005.02,1.57393e+06,716131,91324.2,0.951411,0.724481
2023-01-15,0.281639,4937.69,1.45757e+06,682980,88678.6,0.951604,0.724795
2023-01-16,0.263031,4611.46,1.3684e+06,633634,80820.2,0.951885,0.724359
2023-01-17,0.258076,4524.58,1.31198e+06,623234,78401.6,0.95164,0.724847
2023-01-18,0.246402,4319.92,1.2021e+06,573545,73596.8,0.951625,0.724437
2023-01-19,0.251472,4408.81,1.16718e+06,560443,72019.4,0.950897,0.725008
2023-01-20,0.226305,3967.58,1.05279e+06,505956,65084.6,0.952245,0.722696
2023-01-21,0.212371,3723.29,788690,427148,57748.3,0.951782,0.724687
2023-01-22,0.216775,3800.5,832103,460266,53865.2,0.945184,0.732955
2023-01-23,0.219539,3848.96,815623,451926,52860.8,0.94657,0.730761
2023-01-24,0.221811,3888.79,830092,454201,53650.1,0.94657,0.730761
2023-01-25,0.229927,4031.08,902584,480087,56528.7,0.94657,0.730761
2023-01-26,0.244836,4292.46,1.00274e+06,524610,62501.7,0.94657,0.730761
2023-01-27,0.261472,4584.12,1.10877e+06,581375,69447.6,0.94657,0.730761
2023-01-28,0.271147,4753.75,1.24635e+06,620107,73088.4,0.946432,0.73067
2023-01-29,0.283522,4970.71,1.35603e+06,664107,78314.1,0.946432,0.73059
2023-01-30,0.287619,5042.54,1.51839e+06,682152,80782.4,0.945422,0.728463
2023-01-31,0.287061,5032.75,1.57992e+06,704981,81902.7,0.948264,0.726508
2023-02-01,0.205992,3611.46,1.30806e+06,543012,68209.2,0.950838,0.72615
2023-02-02,0.205988,3611.38,1.33079e+06,543988,68386.2,0.948576,0.729011
2023-02-03,0.212787,3730.58,1.35043e+06,565812,71306.7,0.949097,0.72857
2023-02-04,0.256567,4498.12,1.56348e+06,653437,81842.4,0.952265,0.724871
2023-02-05,0.291008,5101.96,1.54231e+06,635108,80544.5,0.954705,0.721597
2023-02-06,0.276761,4852.17,1.50383e+06,599713,74486.4,0.954294,0.721683
2023-02-07,0.27291,4784.67,1.54806e+06,601145,74384.2,0.953537,0.722266
2023-02-08,0.274063,4804.88,1.5416e+06,599800,75106.2,0.954243,0.721192
2023-02-09,0.27316,4789.04,1.63657e+06,645189,78788.5,0.951917,0.726191
2023-02-10,0.276059,4839.88,1.63962e+06,661606,80784.5,0.950806,0.728146
2023-02-11,0.291446,5109.62,1.71037e+06,699806,86286.8,0.951262,0.728196
2023-02-12,0.292163,5122.21,1.69308e+06,701539,86881.1,0.952368,0.726487
2023-02-13,0.28039,4915.79,1.653e+06,665847,81417.8,0.951859,0.726553
2023-02-14,0.279513,4900.42,1.6515e+06,669317,82094.9,0.951429,0.725738
2023-02-15,0.2771,4858.12,1.73197e+06,664150,81417.9,0.951746,0.726116
2023-02-16,0.278522,4883.04,1.684e+06,662214,81458.9,0.950548,0.727598
2023-02-17,0.279838,4906.12,1.69915e+06,672829,82947.8,0.950968,0.727614
2023-02-18,0.292575,5129.42,1.77366e+06,710434,88785.5,0.952244,0.726009
2023-02-19,0.293619,5147.73,1.72514e+06,705606,88722.9,0.950781,0.727953
2023-02-20,0.279893,4907.08,1.67099e+06,672240,82637.1,0.952144,0.725283
2023-02-21,0.287617,5042.5,1.58516e+06,653665,81930.1,0.946948,0.72883
2023-02-22,0.294207,5158.04,1.69983e+06,665467,81998.3,0.946395,0.729449
2023-02-23,0.296501,5198.25,1.74244e+06,671506,83184.4,0.946663,0.729491
2023-02-24,0.294683,5166.38,1.70717e+06,677336,83274.9,0.948088,0.727159
2023-02-25,0.307397,5389.29,1.76442e+06,704022,88213.8,0.947638,0.728719
2023-02-26,0.312013,5470.21,1.71971e+06,703440,89590.3,0.946229,0.730101
2023-02-27,0.298171,5227.54,1.66866e+06,661327,83282.6,0.946357,0.728973
2023-02-28,0.295719,5184.54,1.65407e+06,653458,82207.5,0.945015,0.73059
