n,mae,rmse,bias,mape,mape_coverage,mase,mase_coverage,sat_wmae,cell_key,target,horizon,fold,family,n_fits,chosen,n_train_hours
92400,1.86718,5.00777,1.08225e-05,13.8636,0.983452,0.426048,1,2.1288,31b0f5c31c374aa1,occupancy,1,0,last_observation,0,,1656
92400,3.54498,6.44286,-0.0323593,33.0718,0.983452,0.970461,1,3.8342,1fefc1f1cc0aabc4,occupancy,1,0,seasonal_naive_daily,0,,1656
92400,4.08423,7.807,-0.692451,36.6606,0.983452,1.11335,1,4.48433,7f2abe9d88a66981,occupancy,1,0,seasonal_naive_weekly,0,,1656
92400,1.77679,3.86526,-0.014831,15.5539,0.983452,0.45093,1,2.0065,b418806d05076850,occupancy,1,0,autoregressive,275,order=24,1656
92400,1.8394,3.82481,0.0373868,16.2755,0.983452,0.468712,1,2.07167,79271322025681b1,occupancy,1,0,zone_ridge,1650,median_alpha=100.0,1656
92400,1.88762,3.82584,-0.0717832,17.5511,0.983452,0.510186,1,2.12522,32c7b262d55d7979,occupancy,1,0,zone_gbm,275,max_iter=60;learning_rate=0.1;max_depth=4;min_samples_leaf=20,1656
92400,1.95484,4.19181,-0.0419478,17.9992,0.983452,0.511313,1,2.19516,90ebeac0ca865047,occupancy,1,0,global_ridge,6,alpha=10.0,1656
92400,1.74917,3.78702,0.0828751,14.935,0.983452,0.442585,1,1.97943,551d62c30e7b584f,occupancy,1,0,global_gbm,1,max_iter=200;learning_rate=0.05;max_leaf_nodes=63,1656
92400,1.72575,4.34978,-0.00187229,13.1864,0.981634,0.400696,1,1.91082,b8776f094855cb31,occupancy,1,1,last_observation,0,,1992
92400,3.42666,5.91528,-0.0237338,32.2072,0.981634,0.946386,1,3.64112,e5da11f04aeff0d0,occupancy,1,1,seasonal_naive_daily,0,,1992
92400,3.54009,6.07405,0.0531926,34.0487,0.981634,1.00549,1,3.80539,ca71363983985dfb,occupancy,1,1,seasonal_naive_weekly,0,,1992
92400,1.63689,3.25244,0.00775711,14.7164,0.981634,0.422159,1,1.79429,941134af923d9d32,occupancy,1,1,autoregressive,275,order=24,1992
92400,1.6831,3.25859,0.00878371,15.2743,0.981634,0.43667,1,1.84495,e6de13655da50c09,occupancy,1,1,zone_ridge,1650,median_alpha=10.0,1992
92400,1.71119,3.34029,0.0403242,15.7312,0.981634,0.457267,1,1.90192,3c689edcafa587ce,occupancy,1,1,zone_gbm,275,max_iter=60;learning_rate=0.1;max_depth=4;min_samples_leaf=20,1992
92400,1.80521,3.56589,-0.0284949,17.4221,0.981634,0.490276,1,1.96789,c949310ad4f89e23,occupancy,1,1,global_ridge,6,alpha=1000.0,1992
92400,1.73563,3.42106,-0.0652976,15.3091,0.981634,0.450009,1,1.91814,d830a638f7e35546,occupancy,1,1,global_gbm,1,max_iter=100;learning_rate=0.1;max_leaf_nodes=31,1992
92400,1.93916,5.90656,0.00638528,13.5541,0.984145,0.440188,1,2.20504,7c9c9b40e05be944,occupancy,1,2,last_observation,0,,2328
92400,3.68488,7.35033,0.00938853,32.0221,0.984145,0.995388,1,4.026,c1ae973aa425a79b,occupancy,1,2,seasonal_naive_daily,0,,2328
92400,4.01225,7.72505,-0.227662,35.0202,0.984145,1.12649,1,4.41204,62cdda8e09a22d36,occupancy,1,2,seasonal_naive_weekly,0,,2328
92400,1.90274,4.92396,-0.0443271,15.1255,0.984145,0.477748,1,2.18178,7cae3e9ee5a38660,occupancy,1,2,autoregressive,275,order=24,2328
92400,1.894,4.77716,-0.130954,15.1137,0.984145,0.476571,1,2.16429,98e03c588f41276e,occupancy,1,2,zone_ridge,1650,median_alpha=10.0,2328
92400,1.83924,4.55094,-0.184813,14.8856,0.984145,0.499909,1,2.1536,c7bf32cab2ffc4b0,occupancy,1,2,zone_gbm,275,max_iter=60;learning_rate=0.1;max_depth=4;min_samples_leaf=20,2328
92400,2.04578,4.94378,-0.0896313,17.8278,0.984145,0.539909,1,2.31234,27a64a563d3ee029,occupancy,1,2,global_ridge,6,alpha=1000.0,2328
92400,1.73968,4.45532,-0.0665342,14.2329,0.984145,0.445339,1,2.00311,701dab68316ca0c5,occupancy,1,2,global_gbm,1,max_iter=100;learning_rate=0.1;max_leaf_nodes=31,2328
92400,1.33885,3.7086,-0.00686147,10.4312,0.9725,0.30951,1,1.52782,d68e4f2865a4c409,occupancy,1,3,last_observation,0,,2664
92400,2.83362,4.98082,-0.0265963,28.2185,0.9725,0.786294,1,3.05571,1247713737d5bf85,occupancy,1,3,seasonal_naive_daily,0,,2664
92400,3.98265,6.71058,0.295758,38.5037,0.9725,1.0717,1,4.28338,c50e145e14c4fbe3,occupancy,1,3,seasonal_naive_weekly,0,,2664
92400,1.39918,2.97738,0.0502202,12.65,0.9725,0.349743,1,1.57168,24213faea873d546,occupancy,1,3,autoregressive,275,order=24,2664
92400,1.5127,3.05472,0.102025,13.6562,0.9725,0.376095,1,1.68702,1d8912e53688382a,occupancy,1,3,zone_ridge,1650,median_alpha=10.0,2664
92400,1.55356,3.31957,0.177691,13.9002,0.9725,0.386429,1,1.73057,bc93731a85aaf3da,occupancy,1,3,zone_gbm,275,max_iter=60;learning_rate=0.1;max_depth=4;min_samples_leaf=20,2664
92400,1.57914,3.15059,0.0428791,16.4312,0.9725,0.436739,1,1.74481,3df3ac8bbce7d547,occupancy,1,3,global_ridge,6,alpha=1000.0,2664
92400,1.35015,2.95471,0.0251394,12.0434,0.9725,0.343156,1,1.52311,ee837c5c0ae7a543,occupancy,1,3,global_gbm,1,max_iter=100;learning_rate=0.1;max_leaf_nodes=31,2664
92400,1.63535,3.99008,0.00865801,12.8137,0.979665,0.391522,1,1.81065,e4b516b21a8040e9,occupancy,1,4,last_observation,0,,3000
92400,3.18781,5.40025,0.134881,31.3316,0.979665,0.910853,1,3.37538,f06dc67d7c5c6737,occupancy,1,4,seasonal_naive_daily,0,,3000
92400,3.84107,6.29388,0.194232,37.2823,0.979665,1.08022,1,4.07808,26b9f4ea5eac6718,occupancy,1,4,seasonal_naive_weekly,0,,3000
92400,1.53709,2.99979,0.0614923,14.3658,0.979665,0.406645,1,1.68796,d726bba568d05b60,occupancy,1,4,autoregressive,275,order=24,3000
92400,1.55494,2.97888,0.122587,14.7522,0.979665,0.414768,1,1.6869,2cb3a20104ea80d4,occupancy,1,4,zone_ridge,1650,median_alpha=10.0,3000
92400,1.54955,3.06935,0.20315,14.762,0.979665,0.413526,1,1.69972,0a18f282a3008540,occupancy,1,4,zone_gbm,275,max_iter=60;learning_rate=0.1;max_depth=4;min_samples_leaf=20,3000
92400,1.71667,3.29139,-0.000626838,17.0967,0.979665,0.478868,1,1.8683,4919a73aef37fdcb,occupancy,1,4,global_ridge,6,alpha=1000.0,3000
92400,1.44783,2.88441,0.117226,13.5723,0.979665,0.38902,1,1.58367,1726ce4c4ce6d25a,occupancy,1,4,global_gbm,1,max_iter=100;learning_rate=0.1;max_leaf_nodes=31,3000
92400,1.00735,2.6483,-0.00628788,8.92726,0.968452,0.253606,1,1.08431,93e3bb3693057020,occupancy,1,5,last_observation,0,,3336
92400,2.45761,4.31654,-0.131991,25.2476,0.968452,0.691519,1,2.57723,15b14976d71925fb,occupancy,1,5,seasonal_naive_daily,0,,3336
92400,4.917,8.30944,0.290455,46.2208,0.968452,1.29249,1,5.26664,4280cbfdf8e435c4,occupancy,1,5,seasonal_naive_weekly,0,,3336
92400,1.16114,2.31178,0.155013,12.1616,0.968452,0.31219,1,1.22753,dbdda0079d5afaba,occupancy,1,5,autoregressive,275,order=24,3336
92400,1.45984,2.98526,0.267431,14.5958,0.968452,0.374259,1,1.58107,a9cb575c1628e525,occupancy,1,5,zone_ridge,1650,median_alpha=10.0,3336
92400,1.50829,2.8577,0.388214,16.4543,0.968452,0.400094,1,1.57724,07934a82d099c660,occupancy,1,5,zone_gbm,275,max_iter=60;learning_rate=0.1;max_depth=4;min_samples_leaf=20,3336
92400,1.4211,2.5517,0.0881096,16.1245,0.968452,0.418159,1,1.50771,7418a3fa6b8f13eb,occupancy,1,5,global_ridge,6,alpha=100.0,3336
92400,1.14198,2.27659,-0.00235884,11.1762,0.968452,0.311981,1,1.22441,7ca8132bb99575ee,occupancy,1,5,global_gbm,1,max_iter=100;learning_rate=0.1;max_leaf_nodes=31,3336
92400,1.3208,3.26589,0.00116883,10.7006,0.933961,0.326344,1,1.4563,21e6fbcf0a8c3af3,occupancy,1,6,last_observation,0,,3672
92400,3.20093,6.14016,0.0343723,32.2575,0.933961,0.917105,1,3.3811,2399b45900b4d96f,occupancy,1,6,seasonal_naive_daily,0,,3672
92400,5.20102,9.09677,-0.460887,54.526,0.933961,1.53278,1,5.47552,c662988f7ab27c97,occupancy,1,6,seasonal_naive_weekly,0,,3672
92400,1.40516,2.89689,0.0981042,13.7339,0.933961,0.378991,1,1.50506,6dc8d31e4dce42b6,occupancy,1,6,autoregressive,275,order=24,3672
92400,1.55979,3.14509,0.0131002,14.8613,0.933961,0.416956,1,1.67191,ea42d480587de1e0,occupancy,1,6,zone_ridge,1650,median_alpha=10.0,3672
92400,1.56545,3.41572,0.275406,16.2159,0.933961,0.435784,1,1.61973,5caca0e4f290f2e9,occupancy,1,6,zone_gbm,275,max_iter=60;learning_rate=0.1;max_depth=4;min_samples_leaf=20,3672
92400,1.61568,2.94399,-0.0946651,16.9465,0.933961,0.470494,1,1.74004,cec87e155589405c,occupancy,1,6,global_ridge,6,alpha=0.1,3672
92400,1.3113,2.52382,0.160492,13.2897,0.933961,0.372492,1,1.39721,ba75de3f6c26a6a6,occupancy,1,6,global_gbm,1,max_iter=100;learning_rate=0.1;max_leaf_nodes=31,3672
92400,1.28883,3.23135,-0.00454545,8.69482,0.981126,0.312896,1,1.40678,c8689427212e4528,occupancy,1,7,last_observation,0,,4008
92400,2.64623,4.71751,-0.0737987,22.8288,0.981126,0.752858,1,2.78976,a71618a13de12afb,occupancy,1,7,seasonal_naive_daily,0,,4008
92400,3.61018,5.81046,-0.600628,37.95,0.981126,1.12646,1,3.84225,f2aa5b790a6e4ceb,occupancy,1,7,seasonal_naive_weekly,0,,4008
92400,1.23035,2.43386,-0.058375,10.0092,0.981126,0.329692,1,1.33162,141ff50f2b3d812d,occupancy,1,7,autoregressive,275,order=24,4008
92400,1.27245,2.4426,-0.132557,10.7223,0.981126,0.342935,1,1.37803,de4e5e95d455a1a0,occupancy,1,7,zone_ridge,1650,median_alpha=1.0,4008
92400,1.22979,2.66047,-0.0811282,10.4498,0.981126,0.337571,1,1.34507,f0f584bff9739b3e,occupancy,1,7,zone_gbm,275,max_iter=60;learning_rate=0.1;max_depth=4;min_samples_leaf=20,4008
92400,1.38669,2.53257,-0.144512,13.1476,0.981126,0.411805,1,1.49014,ddc3549420dc177a,occupancy,1,7,global_ridge,6,alpha=1.0,4008
92400,1.14051,2.2189,0.00325185,9.72108,0.981126,0.318843,1,1.22869,5888b98e4a603591,occupancy,1,7,global_gbm,1,max_iter=100;learning_rate=0.1;max_leaf_nodes=31,4008
92400,5.62808,10.9444,-0.00186688,42.389,0.983452,1.26752,1,6.2019,8a1e406f896835ef,occupancy,6,0,last_observation,0,,1656
92400,3.54498,6.44286,-0.0323593,33.0718,0.983452,0.970461,1,3.8342,89175096c4de7f55,occupancy,6,0,seasonal_naive_daily,0,,1656
92400,4.08423,7.807,-0.692451,36.6606,0.983452,1.11335,1,4.48433,774e3d016ac38e32,occupancy,6,0,seasonal_naive_weekly,0,,1656
92400,2.96825,5.16153,-0.0498749,27.7593,0.983452,0.79084,1,3.25585,d98440e7e38e8ebd,occupancy,6,0,autoregressive,275,order=24,1656
92400,3.33762,5.79707,-0.137831,29.3733,0.983452,0.852206,1,3.69298,04f145ade8191c53,occupancy,6,0,zone_ridge,1650,median_alpha=1000.0,1656
92400,3.10637,5.39863,-0.550795,28.7261,0.983452,0.850447,1,3.46805,645fe1331eb9e8a2,occupancy,6,0,zone_gbm,275,max_iter=60;learning_rate=0.1;max_depth=4;min_samples_leaf=20,1656
92400,4.29167,7.22782,-0.218782,41.9745,0.983452,1.15369,1,4.70163,f44b5ef329a3a1ac,occupancy,6,0,global_ridge,6,alpha=1.0,1656
92400,3.17082,5.3537,-0.211439,30.9312,0.983452,0.849108,1,3.50494,4cf58d028393233c,occupancy,6,0,global_gbm,1,max_iter=200;learning_rate=0.05;max_leaf_nodes=63,1656
92400,5.4441,10.4914,-0.0119318,40.798,0.981634,1.22355,1,5.92059,d601f4318675fd9d,occupancy,6,1,last_observation,0,,1992
92400,3.42666,5.91528,-0.0237338,32.2072,0.981634,0.946386,1,3.64112,e00882abac790752,occupancy,6,1,seasonal_naive_daily,0,,1992
92400,3.54009,6.07405,0.0531926,34.0487,0.981634,1.00549,1,3.80539,9f6f582f9313888a,occupancy,6,1,seasonal_naive_weekly,0,,1992
92400,2.84075,4.72216,0.0870131,26.9274,0.981634,0.765063,1,3.03678,869f9b1d14da851f,occupancy,6,1,autoregressive,275,order=24,1992
92400,3.11063,5.13481,-0.12035,28.1805,0.981634,0.815704,1,3.37422,781c640f85929e6f,occupancy,6,1,zone_ridge,1650,median_alpha=100.0,1992
92400,2.89693,4.70665,0.0054505,28.1418,0.981634,0.809194,1,3.14461,068c7f33b2aa8b80,occupancy,6,1,zone_gbm,275,max_iter=60;learning_rate=0.1;max_depth=4;min_samples_leaf=20,1992
92400,4.22595,6.85321,-0.0592812,42.7984,0.981634,1.16037,1,4.53615,d8e609e181538545,occupancy,6,1,global_ridge,6,alpha=0.1,1992
92400,3.02265,4.79707,-0.471341,29.0113,0.981634,0.845198,1,3.32113,68e3d2c8a9df1eb8,occupancy,6,1,global_gbm,1,max_iter=200;learning_rate=0.05;max_leaf_nodes=63,1992
92400,5.51846,11.1365,0.0117803,39.6736,0.984145,1.24378,1,6.0598,d50780bb772d89c5,occupancy,6,2,last_observation,0,,2328
92400,3.68488,7.35033,0.00938853,32.0221,0.984145,0.995388,1,4.026,dd575d23c05e3b11,occupancy,6,2,seasonal_naive_daily,0,,2328
92400,4.01225,7.72505,-0.227662,35.0202,0.984145,1.12649,1,4.41204,254c223dd18248ae,occupancy,6,2,seasonal_naive_weekly,0,,2328
92400,3.11681,6.09022,-0.205115,26.686,0.984145,0.834306,1,3.48976,25c01710f9ad516f,occupancy,6,2,autoregressive,275,order=24,2328
92400,3.29502,6.22772,-0.664581,26.8715,0.984145,0.867004,1,3.72837,6e8b49934d7441ac,occupancy,6,2,zone_ridge,1650,median_alpha=100.0,2328
92400,2.97287,5.67476,-0.549617,26.1643,0.984145,0.862056,1,3.37701,7f8c721a28b5d61d,occupancy,6,2,zone_gbm,275,max_iter=60;learning_rate=0.1;max_depth=4;min_samples_leaf=20,2328
92400,4.40026,7.70884,-0.403675,41.0156,0.984145,1.20841,1,4.86175,f3421bc1e1127b84,occupancy,6,2,global_ridge,6,alpha=0.1,2328
92400,2.98019,5.60468,-0.0658332,28.3192,0.984145,0.825631,1,3.31094,19c5d0bcbe9a57f8,occupancy,6,2,global_gbm,1,max_iter=200;learning_rate=0.05;max_leaf_nodes=63,2328
92400,3.66302,7.36572,-0.0203193,29.2552,0.9725,0.856257,1,4.08854,3fcb55c8663269e5,occupancy,6,3,last_observation,0,,2664
92400,2.83362,4.98082,-0.0265963,28.2185,0.9725,0.786294,1,3.05571,7c1c19c78bc9b378,occupancy,6,3,seasonal_naive_daily,0,,2664
92400,3.98265,6.71058,0.295758,38.5037,0.9725,1.0717,1,4.28338,dc86f2789855b661,occupancy,6,3,seasonal_naive_weekly,0,,2664
92400,2.45941,4.25045,0.296067,24.4046,0.9725,0.653609,1,2.66629,7f5873e44a5eba45,occupancy,6,3,autoregressive,275,order=24,2664
92400,2.93609,5.01588,0.269777,27.0037,0.9725,0.740361,1,3.19879,c3fdc8e19e0fa1fc,occupancy,6,3,zone_ridge,1650,median_alpha=100.0,2664
92400,2.96702,5.07858,0.447682,29.9249,0.9725,0.789325,1,3.1868,6cb65fb7556e0cbf,occupancy,6,3,zone_gbm,275,max_iter=60;learning_rate=0.1;max_depth=4;min_samples_leaf=20,2664
92400,3.35881,5.36121,-0.104076,38.7746,0.9725,1.00819,1,3.65964,8a0e2d5036b01f0b,occupancy,6,3,global_ridge,6,alpha=10.0,2664
92400,2.52202,4.39081,0.202905,24.6962,0.9725,0.672447,1,2.77213,d7a51886c765ae8b,occupancy,6,3,global_gbm,1,max_iter=200;learning_rate=0.05;max_leaf_nodes=63,2664
92400,5.28013,10.0935,0.0523377,40.8971,0.979665,1.22979,1,5.7334,35b687b9152ed54a,occupancy,6,4,last_observation,0,,3000
92400,3.18781,5.40025,0.134881,31.3316,0.979665,0.910853,1,3.37538,f02920e161cfb4db,occupancy,6,4,seasonal_naive_daily,0,,3000
92400,3.84107,6.29388,0.194232,37.2823,0.979665,1.08022,1,4.07808,daa3344a66a129df,occupancy,6,4,seasonal_naive_weekly,0,,3000
92400,2.6864,4.41368,0.185628,27.0409,0.979665,0.747879,1,2.85768,bd3b97b69a8ccb7b,occupancy,6,4,autoregressive,275,order=24,3000
92400,2.99982,4.99558,0.122722,28.7967,0.979665,0.800077,1,3.21111,56e05bc53853386a,occupancy,6,4,zone_ridge,1650,median_alpha=1000.0,3000
92400,2.80236,4.6148,0.480204,28.3478,0.979665,0.779878,1,2.98157,50745db449b3d029,occupancy,6,4,zone_gbm,275,max_iter=60;learning_rate=0.1;max_depth=4;min_samples_leaf=20,3000
92400,3.89052,6.35411,-0.069389,40.0767,0.979665,1.09717,1,4.19134,3e6b507fc8fadd5f,occupancy,6,4,global_ridge,6,alpha=0.1,3000
92400,2.87567,4.69683,0.704953,31.0482,0.979665,0.80688,1,3.0204,aef85b933b83d9da,occupancy,6,4,global_gbm,1,max_iter=200;learning_rate=0.05;max_leaf_nodes=63,3000
92400,3.0689,6.31424,-0.0427814,25.6987,0.968452,0.732326,1,3.28627,47f9ab8553a8e044,occupancy,6,5,last_observation,0,,3336
92400,2.45761,4.31654,-0.131991,25.2476,0.968452,0.691519,1,2.57723,32198072fd5fec27,occupancy,6,5,seasonal_naive_daily,0,,3336
92400,4.917,8.30944,0.290455,46.2208,0.968452,1.29249,1,5.26664,702b39cab75096c1,occupancy,6,5,seasonal_naive_weekly,0,,3336
92400,2.33898,3.87674,0.728169,26.2752,0.968452,0.643227,1,2.39381,8108bfc84385fbb4,occupancy,6,5,autoregressive,275,order=24,3336
92400,3.11221,5.63348,0.70937,31.4261,0.968452,0.797394,1,3.28659,42df48be166e5635,occupancy,6,5,zone_ridge,1650,median_alpha=100.0,3336
92400,3.21875,5.31121,1.14803,35.1405,0.968452,0.879893,1,3.32805,474f22970c82faa9,occupancy,6,5,zone_gbm,275,max_iter=60;learning_rate=0.1;max_depth=4;min_samples_leaf=20,3336
92400,2.96605,4.58135,0.121783,37.5726,0.968452,0.945883,1,3.12525,970d6e82ed291281,occupancy,6,5,global_ridge,6,alpha=1.0,3336
92400,2.25211,3.79595,0.0982855,23.0661,0.968452,0.625719,1,2.40331,98e40bd0e1563e8c,occupancy,6,5,global_gbm,1,max_iter=200;learning_rate=0.05;max_leaf_nodes=63,3336
92400,4.64303,9.61575,0.0152814,36.3074,0.933961,1.07164,1,5.13017,547f96da41787468,occupancy,6,6,last_observation,0,,3672
92400,3.20093,6.14016,0.0343723,32.2575,0.933961,0.917105,1,3.3811,de47fcd2cdae02f2,occupancy,6,6,seasonal_naive_daily,0,,3672
92400,5.20102,9.09677,-0.460887,54.526,0.933961,1.53278,1,5.47552,49a03bc73873f4f1,occupancy,6,6,seasonal_naive_weekly,0,,3672
92400,2.69817,4.8919,0.324034,28.3308,0.933961,0.763811,1,2.82165,fb2129b149607bb2,occupancy,6,6,autoregressive,275,order=24,3672
92400,3.0971,5.39351,0.147777,31.6858,0.933961,0.857185,1,3.29413,f7e3ec13f73b5abd,occupancy,6,6,zone_ridge,1650,median_alpha=1000.0,3672
92400,2.96853,5.31486,0.423233,33.6431,0.933961,0.872927,1,3.07298,42ba25c5c4600454,occupancy,6,6,zone_gbm,275,max_iter=60;learning_rate=0.1;max_depth=4;min_samples_leaf=20,3672
92400,3.88595,6.55226,-0.180081,42.5999,0.933961,1.13667,1,4.19611,4fe10b9ff3bb810f,occupancy,6,6,global_ridge,6,alpha=0.1,3672
92400,2.66626,4.42949,0.383452,30.4249,0.933961,0.793301,1,2.79926,05ecf567c7dc2505,occupancy,6,6,global_gbm,1,max_iter=200;learning_rate=0.05;max_leaf_nodes=63,3672
92400,4.57509,9.65761,-0.0269805,29.6699,0.981126,1.03553,1,4.98344,11859538d1ad61e7,occupancy,6,7,last_observation,0,,4008
92400,2.64623,4.71751,-0.0737987,22.8288,0.981126,0.752858,1,2.78976,7ad398fcd0a0f655,occupancy,6,7,seasonal_naive_daily,0,,4008
92400,3.61018,5.81046,-0.600628,37.95,0.981126,1.12646,1,3.84225,fd5825e9cfbad0ca,occupancy,6,7,seasonal_naive_weekly,0,,4008
92400,2.27623,3.87793,-0.186805,20.364,0.981126,0.643064,1,2.42499,70fc504964466307,occupancy,6,7,autoregressive,275,order=24,4008
92400,2.58414,4.34613,-0.601263,22.9927,0.981126,0.711999,1,2.8032,6865cf46e502ff96,occupancy,6,7,zone_ridge,1650,median_alpha=100.0,4008
92400,2.40109,4.3178,-0.508818,22.8211,0.981126,0.698987,1,2.6109,543099506bb1eb7b,occupancy,6,7,zone_gbm,275,max_iter=60;learning_rate=0.1;max_depth=4;min_samples_leaf=20,4008
92400,3.5822,6.00437,-0.584311,34.427,0.981126,1.05673,1,3.88459,d79dbfdc90a2ffff,occupancy,6,7,global_ridge,6,alpha=0.1,4008
92400,2.28207,3.69024,-0.22641,21.8222,0.981126,0.664005,1,2.461,d6c89ff538466c48,occupancy,6,7,global_gbm,1,max_iter=200;learning_rate=0.05;max_leaf_nodes=63,4008
92400,3.54498,6.44286,-0.0323593,33.0718,0.983452,0.970461,1,3.8342,97c49f3b8b90fca3,occupancy,24,0,last_observation,0,,1656
92400,3.54498,6.44286,-0.0323593,33.0718,0.983452,0.970461,1,3.8342,50514e8b2a524808,occupancy,24,0,seasonal_naive_daily,0,,1656
92400,4.08423,7.807,-0.692451,36.6606,0.983452,1.11335,1,4.48433,3dff14fc8468878b,occupancy,24,0,seasonal_naive_weekly,0,,1656
92400,3.33131,5.67791,-0.0857905,31.0423,0.983452,0.88743,1,3.64687,c77103f9aecb2815,occupancy,24,0,autoregressive,275,order=24,1656
92400,3.33405,5.60082,-0.52368,30.3005,0.983452,0.893855,1,3.69563,5551e6d21718c790,occupancy,24,0,zone_ridge,1650,median_alpha=1000.0,1656
92400,3.49247,6.46034,-0.875508,31.9324,0.983452,0.962413,1,3.89706,7e6dd05d7560cd9b,occupancy,24,0,zone_gbm,275,max_iter=60;learning_rate=0.1;max_depth=4;min_samples_leaf=20,1656
92400,3.40459,5.68019,-0.697058,31.5869,0.983452,0.956412,1,3.77447,1774596bef161915,occupancy,24,0,global_ridge,6,alpha=1.0,1656
92400,3.48221,6.15707,-1.29355,30.3938,0.983452,0.923887,1,3.9596,da3e5a750ddf8b96,occupancy,24,0,global_gbm,1,max_iter=200;learning_rate=0.05;max_leaf_nodes=63,1656
92400,3.42666,5.91528,-0.0237338,32.2072,0.981634,0.946386,1,3.64112,6429a9239f3cb3ae,occupancy,24,1,last_observation,0,,1992
92400,3.42666,5.91528,-0.0237338,32.2072,0.981634,0.946386,1,3.64112,5c7c9212cf8c703b,occupancy,24,1,seasonal_naive_daily,0,,1992
92400,3.54009,6.07405,0.0531926,34.0487,0.981634,1.00549,1,3.80539,e0e3c4fec91eb205,occupancy,24,1,seasonal_naive_weekly,0,,1992
92400,3.23836,5.29135,0.153835,30.5473,0.981634,0.870863,1,3.4554,26869cc53901d23c,occupancy,24,1,autoregressive,275,order=24,1992
92400,3.28458,5.29912,-0.0738534,30.5965,0.981634,0.890542,1,3.54,c2cb95bea10f129a,occupancy,24,1,zone_ridge,1650,median_alpha=1000.0,1992
92400,3.22119,5.13937,0.263831,32.5176,0.981634,0.921227,1,3.46113,951481ff07754b91,occupancy,24,1,zone_gbm,275,max_iter=60;learning_rate=0.1;max_depth=4;min_samples_leaf=20,1992
92400,3.27943,5.27161,-0.156719,31.361,0.981634,0.918304,1,3.53622,3ae5972a731a9c11,occupancy,24,1,global_ridge,6,alpha=1000.0,1992
92400,3.07705,4.84565,0.0228541,30.4468,0.981634,0.866485,1,3.30759,2e583cc0623abe18,occupancy,24,1,global_gbm,1,max_iter=200;learning_rate=0.05;max_leaf_nodes=63,1992
92400,3.68488,7.35033,0.00938853,32.0221,0.984145,0.995388,1,4.026,cfe9d28e75c5b104,occupancy,24,2,last_observation,0,,2328
92400,3.68488,7.35033,0.00938853,32.0221,0.984145,0.995388,1,4.026,e9e5122c3ff08d13,occupancy,24,2,seasonal_naive_daily,0,,2328
92400,4.01225,7.72505,-0.227662,35.0202,0.984145,1.12649,1,4.41204,07cc15006710d838,occupancy,24,2,seasonal_naive_weekly,0,,2328
92400,3.4372,6.32169,-0.357253,29.8825,0.984145,0.949299,1,3.85245,2d444a94e2980151,occupancy,24,2,autoregressive,275,order=24,2328
92400,3.51757,7.11848,-0.724424,29.3934,0.984145,0.972586,1,3.95031,4a4891aab28c9eda,occupancy,24,2,zone_ridge,1650,median_alpha=1000.0,2328
92400,3.38244,6.47141,-0.536344,30.2868,0.984145,0.970146,1,3.77402,153edd3bf814843f,occupancy,24,2,zone_gbm,275,max_iter=60;learning_rate=0.1;max_depth=4;min_samples_leaf=20,2328
92400,3.49129,6.2884,-0.48324,31.3604,0.984145,0.991705,1,3.91112,fccd5fe72146f974,occupancy,24,2,global_ridge,6,alpha=1000.0,2328
92400,3.14842,5.76881,-0.0104736,29.5978,0.984145,0.884216,1,3.48724,7ff0ea376979db68,occupancy,24,2,global_gbm,1,max_iter=200;learning_rate=0.05;max_leaf_nodes=63,2328
92400,2.83362,4.98082,-0.0265963,28.2185,0.9725,0.786294,1,3.05571,04be62bfc383fe34,occupancy,24,3,last_observation,0,,2664
92400,2.83362,4.98082,-0.0265963,28.2185,0.9725,0.786294,1,3.05571,d6391b15cfea2683,occupancy,24,3,seasonal_naive_daily,0,,2664
92400,3.98265,6.71058,0.295758,38.5037,0.9725,1.0717,1,4.28338,7152ef118af28d2b,occupancy,24,3,seasonal_naive_weekly,0,,2664
92400,2.91238,4.90176,0.512227,29.5078,0.9725,0.782164,1,3.12045,66b445219b1f13eb,occupancy,24,3,autoregressive,275,order=24,2664
92400,2.972,4.82099,0.438942,30.3335,0.9725,0.80707,1,3.18418,1cbe893ff2b642c9,occupancy,24,3,zone_ridge,1650,median_alpha=1000.0,2664
92400,3.39808,5.72689,0.609806,35.6438,0.9725,0.92588,1,3.62092,2f6493ff1c73a313,occupancy,24,3,zone_gbm,275,max_iter=60;learning_rate=0.1;max_depth=4;min_samples_leaf=20,2664
92400,2.84474,4.66878,-0.222818,28.3634,0.9725,0.808343,1,3.14161,3215bd2ae4adecb9,occupancy,24,3,global_ridge,6,alpha=1000.0,2664
92400,2.65763,4.39693,0.170503,26.8365,0.9725,0.739963,1,2.88106,1e4ccf8be35a2fcd,occupancy,24,3,global_gbm,1,max_iter=200;learning_rate=0.05;max_leaf_nodes=63,2664
92400,3.18781,5.40025,0.134881,31.3316,0.979665,0.910853,1,3.37538,d781161503dfd593,occupancy,24,4,last_observation,0,,3000
92400,3.18781,5.40025,0.134881,31.3316,0.979665,0.910853,1,3.37538,9b7a0425572a39af,occupancy,24,4,seasonal_naive_daily,0,,3000
92400,3.84107,6.29388,0.194232,37.2823,0.979665,1.08022,1,4.07808,9915c26883768204,occupancy,24,4,seasonal_naive_weekly,0,,3000
92400,3.03163,4.86179,0.215611,30.7374,0.979665,0.849706,1,3.21604,fae305300ae51bbd,occupancy,24,4,autoregressive,275,order=24,3000
92400,3.0094,4.7244,0.0558979,31.0174,0.979665,0.857708,1,3.19891,c6e78efe461fa16f,occupancy,24,4,zone_ridge,1650,median_alpha=1000.0,3000
92400,3.09658,4.82889,0.396775,33.3783,0.979665,0.897813,1,3.27493,b027908cc1211916,occupancy,24,4,zone_gbm,275,max_iter=60;learning_rate=0.1;max_depth=4;min_samples_leaf=20,3000
92400,3.03136,4.83068,-0.219342,29.73,0.979665,0.879437,1,3.27617,b5fc07794b7cfe48,occupancy,24,4,global_ridge,6,alpha=1000.0,3000
92400,2.78541,4.35666,0.544007,30.6789,0.979665,0.813973,1,2.93191,e09252c05b6f4392,occupancy,24,4,global_gbm,1,max_iter=200;learning_rate=0.05;max_leaf_nodes=63,3000
92400,2.45761,4.31654,-0.131991,25.2476,0.968452,0.691519,1,2.57723,5387a92368f961c6,occupancy,24,5,last_observation,0,,3336
92400,2.45761,4.31654,-0.131991,25.2476,0.968452,0.691519,1,2.57723,2b9a1034050b60da,occupancy,24,5,seasonal_naive_daily,0,,3336
92400,4.917,8.30944,0.290455,46.2208,0.968452,1.29249,1,5.26664,227a9d3f0032b767,occupancy,24,5,seasonal_naive_weekly,0,,3336
92400,2.88095,4.58102,1.10287,33.0757,0.968452,0.802009,1,2.92313,9e15bdeb479d524f,occupancy,24,5,autoregressive,275,order=24,3336
92400,3.33731,5.53356,1.10852,35.3214,0.968452,0.906665,1,3.48388,30b47e0501d1554c,occupancy,24,5,zone_ridge,1650,median_alpha=1000.0,3336
92400,3.52894,5.5605,1.04705,39.2985,0.968452,1.01821,1,3.63149,688425fc775f79e1,occupancy,24,5,zone_gbm,275,max_iter=60;learning_rate=0.1;max_depth=4;min_samples_leaf=20,3336
92400,2.85855,4.49182,0.215388,31.3897,0.968452,0.835157,1,3.03405,2ed091683d033997,occupancy,24,5,global_ridge,6,alpha=1000.0,3336
92400,2.69854,4.40216,0.0130042,27.2187,0.968452,0.751127,1,2.87388,b5607fe36a9d379a,occupancy,24,5,global_gbm,1,max_iter=200;learning_rate=0.05;max_leaf_nodes=63,3336
92400,3.20093,6.14016,0.0343723,32.2575,0.933961,0.917105,1,3.3811,e7e6e62a5f921920,occupancy,24,6,last_observation,0,,3672
92400,3.20093,6.14016,0.0343723,32.2575,0.933961,0.917105,1,3.3811,176703b02af70112,occupancy,24,6,seasonal_naive_daily,0,,3672
92400,5.20102,9.09677,-0.460887,54.526,0.933961,1.53278,1,5.47552,522e6b1709784557,occupancy,24,6,seasonal_naive_weekly,0,,3672
92400,3.31484,5.88465,0.527599,36.092,0.933961,0.963902,1,3.41317,9571b2910b5d7930,occupancy,24,6,autoregressive,275,order=24,3672
92400,3.38252,5.85963,0.179124,37.0549,0.933961,1.00436,1,3.51491,943b89d84e9a948c,occupancy,24,6,zone_ridge,1650,median_alpha=1000.0,3672
92400,3.61381,6.28574,0.618131,45.2099,0.933961,1.12619,1,3.6436,0794d8c36710db81,occupancy,24,6,zone_gbm,275,max_iter=60;learning_rate=0.1;max_depth=4;min_samples_leaf=20,3672
92400,3.32258,5.78061,-0.330773,34.7052,0.933961,0.998016,1,3.54378,a7f231afe5909670,occupancy,24,6,global_ridge,6,alpha=1000.0,3672
92400,3.12212,5.46823,0.789179,36.1534,0.933961,0.946222,1,3.17917,31a47ee0a2e6710c,occupancy,24,6,global_gbm,1,max_iter=200;learning_rate=0.05;max_leaf_nodes=63,3672
92400,2.64623,4.71751,-0.0737987,22.8288,0.981126,0.752858,1,2.78976,324b3e3758f41e7d,occupancy,24,7,last_observation,0,,4008
92400,2.64623,4.71751,-0.0737987,22.8288,0.981126,0.752858,1,2.78976,3e4f3b68e4af87fe,occupancy,24,7,seasonal_naive_daily,0,,4008
92400,3.61018,5.81046,-0.600628,37.95,0.981126,1.12646,1,3.84225,4cd339ac00cc983c,occupancy,24,7,seasonal_naive_weekly,0,,4008
92400,2.67125,4.41506,-0.310947,24.9382,0.981126,0.774226,1,2.84739,853055902d2ccc37,occupancy,24,7,autoregressive,275,order=24,4008
92400,2.76176,4.52956,-0.966899,24.8842,0.981126,0.80134,1,2.99721,18ccf38e90be337c,occupancy,24,7,zone_ridge,1650,median_alpha=1000.0,4008
92400,3.19316,5.90059,-1.00568,31.5224,0.981126,0.951926,1,3.49104,5c6d30156ed9e6a3,occupancy,24,7,zone_gbm,275,max_iter=60;learning_rate=0.1;max_depth=4;min_samples_leaf=20,4008
92400,2.76722,4.47007,-0.844532,24.835,0.981126,0.839452,1,3.02206,2ce4abbb0e902a2e,occupancy,24,7,global_ridge,6,alpha=10.0,4008
92400,2.56087,4.12796,0.267071,27.443,0.981126,0.779687,1,2.69832,c28f081320ed9a43,occupancy,24,7,global_gbm,1,max_iter=200;learning_rate=0.05;max_leaf_nodes=63,4008
92400,59.1704,306.704,0.139587,18.7997,0.959892,0.419958,1,69.8124,eefa3873f2d74da7,volume,1,0,last_observation,0,,1656
92400,66.9693,248.052,0.315595,48.8006,0.959892,1.04361,1,77.1003,81e2f34c83e40e0c,volume,1,0,seasonal_naive_daily,0,,1656
92400,72.6719,287.889,-4.16565,47.5701,0.959892,1.07017,1,85.3531,f5a8d38ab145c5a4,volume,1,0,seasonal_naive_weekly,0,,1656
92400,43.4102,185.846,0.712612,18.8605,0.959892,0.371051,1,50.6129,25e2bf9126945be4,volume,1,0,autoregressive,275,order=24,1656
92400,40.0206,167.387,1.48576,18.3766,0.959892,0.372332,1,46.6943,f11ab672d4d91481,volume,1,0,zone_ridge,1650,median_alpha=10.0,1656
92400,37.7515,163.818,1.10014,17.8446,0.959892,0.367609,1,44.0835,f823a8ff5573a704,volume,1,0,zone_gbm,275,max_iter=60;learning_rate=0.1;max_depth=4;min_samples_leaf=20,1656
92400,43.9589,164.943,-4.4733,28.8568,0.959892,0.640397,1,51.0704,048e2293994aaef6,volume,1,0,global_ridge,6,alpha=1.0,1656
92400,38.7324,165.787,0.669508,19.3034,0.959892,0.40638,1,45.4693,c264c43d598f6a77,volume,1,0,global_gbm,1,max_iter=200;learning_rate=0.1;max_leaf_nodes=31,1656
92400,57.4618,308.611,-0.130438,18.8268,0.958084,0.402771,1,66.6998,4f1c85f7bb8e7bf0,volume,1,1,last_observation,0,,1992
92400,64.8749,230.044,-1.27626,49.2192,0.958084,1.02257,1,72.8281,a10c2ab715696ef2,volume,1,1,seasonal_naive_daily,0,,1992
92400,70.3551,270.891,2.4837,48.265,0.958084,1.00802,1,79.2398,fab8bb381c4b8c77,volume,1,1,seasonal_naive_weekly,0,,1992
92400,41.4209,181.057,-1.37258,18.9036,0.958084,0.354502,1,47.1238,d4eed48f353e5dbe,volume,1,1,autoregressive,275,order=24,1992
92400,40.0413,166.389,1.2856,18.9797,0.958084,0.353433,1,45.6569,f40f932567c7bb4a,volume,1,1,zone_ridge,1650,median_alpha=10.0,1992
92400,37.3491,156.129,1.1136,18.196,0.958084,0.341629,1,42.6325,aed6daecb8a42494,volume,1,1,zone_gbm,275,max_iter=60;learning_rate=0.1;max_depth=4;min_samples_leaf=20,1992
92400,42.4357,158.329,-1.42732,31.1675,0.958084,0.61612,1,48.0156,d22e65499760f881,volume,1,1,global_ridge,6,alpha=0.1,1992
92400,37.2265,152.416,1.02329,20.0805,0.958084,0.39139,1,42.6303,5a8a08fa3cdc46f4,volume,1,1,global_gbm,1,max_iter=200;learning_rate=0.1;max_leaf_nodes=31,1992
92400,60.6703,319.666,0.0990458,20.4862,0.953961,0.402721,1,70.3931,65f6519e603dbb10,volume,1,2,last_observation,0,,2328
92400,74.2147,286.872,0.968929,64.2336,0.953961,1.02626,1,85.6115,a2ad6c45beecc2c9,volume,1,2,seasonal_naive_daily,0,,2328
92400,85.8657,353.984,-8.25507,83.7719,0.953961,1.07604,1,101.028,2fbeed96340e1594,volume,1,2,seasonal_naive_weekly,0,,2328
92400,46.9926,209.331,-0.459224,29.4344,0.953961,0.36724,1,54.8508,2434ce40693707f3,volume,1,2,autoregressive,275,order=24,2328
92400,44.2039,189.412,-1.97143,31.3277,0.953961,0.365603,1,51.9812,e09769c287149224,volume,1,2,zone_ridge,1650,median_alpha=10.0,2328
92400,41.0864,180.173,0.219745,31.9034,0.953961,0.349002,1,48.6539,7d65c1387b7c7314,volume,1,2,zone_gbm,275,max_iter=60;learning_rate=0.1;max_depth=4;min_samples_leaf=20,2328
92400,47.1244,183.387,-0.637836,42.9721,0.953961,0.614698,1,54.5941,00beab9466971cc5,volume,1,2,global_ridge,6,alpha=1000.0,2328
92400,42.0804,181.178,5.14404,32.3606,0.953961,0.40874,1,49.5743,d516afd5d1c14ba5,volume,1,2,global_gbm,1,max_iter=200;learning_rate=0.1;max_leaf_nodes=31,2328
92400,53.2307,300.451,-0.118591,15.7656,0.931948,0.30038,1,63.3672,b4026f2feaa62bce,volume,1,3,last_observation,0,,2664
92400,60.5867,229.501,-0.547896,45.8909,0.931948,0.832663,1,69.5924,b1de0434f7fcd989,volume,1,3,seasonal_naive_daily,0,,2664
92400,78.7656,286.306,11.0818,58.3978,0.931948,1.07658,1,90.9195,911fcf9e00675d46,volume,1,3,seasonal_naive_weekly,0,,2664
92400,39.6996,177.962,2.21931,17.9709,0.931948,0.28691,1,46.6628,1708f7c13d514434,volume,1,3,autoregressive,275,order=24,2664
92400,37.7666,161.117,3.00472,18.2814,0.931948,0.295184,1,44.2288,6bb7cd400cd6abad,volume,1,3,zone_ridge,1650,median_alpha=10.0,2664
92400,36.9765,162.241,6.82551,18.586,0.931948,0.292988,1,43.5088,d03c9d466c42e37d,volume,1,3,zone_gbm,275,max_iter=60;learning_rate=0.1;max_depth=4;min_samples_leaf=20,2664
92400,40.2809,156.714,-0.358712,28.8478,0.931948,0.517021,1,46.4982,2013b2bcc33862bb,volume,1,3,global_ridge,6,alpha=1.0,2664
92400,35.4772,150.869,-0.892202,17.8525,0.931948,0.339837,1,41.6405,b00c83faa358ee48,volume,1,3,global_gbm,1,max_iter=200;learning_rate=0.1;max_leaf_nodes=31,2664
92400,51.9043,278.431,0.273153,18.8098,0.948128,0.384648,1,60.3928,60b1dd4d3bfbe4d3,volume,1,4,last_observation,0,,3000
92400,60.2318,208.786,5.92941,49.7002,0.948128,0.971245,1,66.9394,ba6e4e7543748ec8,volume,1,4,seasonal_naive_daily,0,,3000
92400,80.6445,333.573,20.0225,57.529,0.948128,1.08888,1,87.7389,480f0535c85a19e8,volume,1,4,seasonal_naive_weekly,0,,3000
92400,38.7937,165.532,4.84345,19.8538,0.948128,0.337801,1,43.8793,9e538e19a29fe207,volume,1,4,autoregressive,275,order=24,3000
92400,36.289,149.895,4.40345,19.5592,0.948128,0.337076,1,40.86,1dc75642f1360390,volume,1,4,zone_ridge,1650,median_alpha=10.0,3000
92400,36.296,166.234,8.44386,19.356,0.948128,0.321971,1,40.0906,929815ddb100d4c0,volume,1,4,zone_gbm,275,max_iter=60;learning_rate=0.1;max_depth=4;min_samples_leaf=20,3000
92400,40.187,150.126,2.43626,29.058,0.948128,0.560814,1,45.0538,bf6f0f190a8cecdd,volume,1,4,global_ridge,6,alpha=1000.0,3000
92400,35.4064,144.643,6.16702,19.9005,0.948128,0.387382,1,40.215,c2f3859f0d1e4c94,volume,1,4,global_gbm,1,max_iter=200;learning_rate=0.1;max_leaf_nodes=31,3000
92400,30.6986,178.043,-0.108419,17.0472,0.927597,0.227866,1,34.5629,6ccb73ba0e7d2efa,volume,1,5,last_observation,0,,3336
92400,45.63,186.388,-2.89979,44.544,0.927597,0.669788,1,49.7444,c3475f6a9492c2a7,volume,1,5,seasonal_naive_daily,0,,3336
92400,107.654,409.278,20.6293,113.755,0.927597,1.27504,1,120.438,6b2cd962e1e7f4d8,volume,1,5,seasonal_naive_weekly,0,,3336
92400,30.5775,139.968,5.12983,29.6712,0.927597,0.245565,1,33.717,b129279b0c02cd7a,volume,1,5,autoregressive,275,order=24,3336
92400,35.8938,154.299,4.62736,35.1038,0.927597,0.282565,1,40.5646,dcd1a42046f1eab4,volume,1,5,zone_ridge,1650,median_alpha=10.0,3336
92400,38.2003,160.833,9.81728,47.1156,0.927597,0.305193,1,42.9293,775d247366f3c255,volume,1,5,zone_gbm,275,max_iter=60;learning_rate=0.1;max_depth=4;min_samples_leaf=20,3336
92400,34.7275,135.582,0.0612217,39.4105,0.927597,0.488241,1,38.5409,29414b8efe081f4b,volume,1,5,global_ridge,6,alpha=0.1,3336
92400,29.9911,137.691,-3.05983,24.3944,0.927597,0.3115,1,34.202,33c0179793ac5be1,volume,1,5,global_gbm,1,max_iter=200;learning_rate=0.1;max_leaf_nodes=31,3336
92400,49.5712,273.251,-0.0554553,18.791,0.902868,0.325706,1,58.625,da26f2aaa45850e3,volume,1,6,last_observation,0,,3672
92400,57.2995,220.275,-0.774724,54.7905,0.902868,0.824729,1,65.549,40e094c073c3e65e,volume,1,6,seasonal_naive_daily,0,,3672
92400,92.8971,402.172,-30.4215,88.5637,0.902868,1.13436,1,110.588,886ade19b5b276f1,volume,1,6,seasonal_naive_weekly,0,,3672
92400,37.6793,167.74,0.330843,26.7183,0.902868,0.302484,1,43.8121,4b8055f1db145813,volume,1,6,autoregressive,275,order=24,3672
92400,35.6777,153.168,-5.35043,26.7181,0.902868,0.304826,1,41.8548,201143cac057d946,volume,1,6,zone_ridge,1650,median_alpha=10.0,3672
92400,35.3611,152.859,1.01833,33.984,0.902868,0.301321,1,41.0956,c5dbdc8e797e6814,volume,1,6,zone_gbm,275,max_iter=60;learning_rate=0.1;max_depth=4;min_samples_leaf=20,3672
92400,39.1361,153.896,-4.65225,38.0226,0.902868,0.526513,1,45.5116,738c500dfa807f50,volume,1,6,global_ridge,6,alpha=1.0,3672
92400,34.5732,146.98,5.28034,26.3805,0.902868,0.372971,1,40.4188,f418fca9807d8b6d,volume,1,6,global_gbm,1,max_iter=200;learning_rate=0.1;max_leaf_nodes=31,3672
92400,52.8022,301.633,-0.0413713,15.9683,0.950108,0.325609,1,62.2086,ec3abc826e048d7c,volume,1,7,last_observation,0,,4008
92400,56.8484,224.327,-0.0277767,43.501,0.950108,0.774185,1,66.1476,192ab0d9a2629047,volume,1,7,seasonal_naive_daily,0,,4008
92400,62.8789,227.085,-4.6598,70.8069,0.950108,0.951491,1,73.8681,02ffec35b1f0a6d9,volume,1,7,seasonal_naive_weekly,0,,4008
92400,38.6265,175.904,-0.442087,19.3766,0.950108,0.28758,1,45.4812,4abfda53b53c54de,volume,1,7,autoregressive,275,order=24,4008
92400,34.946,151.152,-1.70144,20.645,0.950108,0.288273,1,41.4641,89cde009e4eb9846,volume,1,7,zone_ridge,1650,median_alpha=1.0,4008
92400,32.4914,141.705,-1.33082,20.7833,0.950108,0.271457,1,38.7126,27e445fce0652e07,volume,1,7,zone_gbm,275,max_iter=60;learning_rate=0.1;max_depth=4;min_samples_leaf=20,4008
92400,38.3081,153.082,-2.12897,32.0021,0.950108,0.50011,1,44.9149,9b671d22a9f01d8d,volume,1,7,global_ridge,6,alpha=10.0,4008
92400,33.9108,145.161,-0.652996,20.7428,0.950108,0.346694,1,40.3588,a4a15db9af5a658a,volume,1,7,global_gbm,1,max_iter=200;learning_rate=0.1;max_leaf_nodes=31,4008
92400,142.804,591.967,0.236033,65.7048,0.959892,1.40689,1,168.479,5228e73b04c0e772,volume,6,0,last_observation,0,,1656
92400,66.9693,248.052,0.315595,48.8006,0.959892,1.04361,1,77.1003,4343965589f945cc,volume,6,0,seasonal_naive_daily,0,,1656
92400,72.6719,287.889,-4.16565,47.5701,0.959892,1.07017,1,85.3531,2c03c968d9975427,volume,6,0,seasonal_naive_weekly,0,,1656
92400,61.6956,235.804,0.937282,40.2091,0.959892,0.819411,1,71.6809,40f6471a54bfd536,volume,6,0,autoregressive,275,order=24,1656
92400,72.4657,271.763,-1.03662,40.692,0.959892,0.891556,1,84.191,67ee6a729e57aa2e,volume,6,0,zone_ridge,1650,median_alpha=100.0,1656
92400,57.9634,221.822,-2.66225,37.6698,0.959892,0.835824,1,67.7765,a62a9b00dd7233a3,volume,6,0,zone_gbm,275,max_iter=60;learning_rate=0.1;max_depth=4;min_samples_leaf=20,1656
92400,121.774,396.793,0.0347263,132.06,0.959892,2.95935,1,140.185,7d49064efd85e647,volume,6,0,global_ridge,6,alpha=1.0,1656
92400,61.7337,222.263,-2.52561,47.6423,0.959892,0.966741,1,71.8908,92fbeac1450d7818,volume,6,0,global_gbm,1,max_iter=200;learning_rate=0.05;max_leaf_nodes=63,1656
92400,142.675,610.504,-0.360164,65.075,0.958084,1.36104,1,168.165,d0b28aa1db081d26,volume,6,1,last_observation,0,,1992
92400,64.8749,230.044,-1.27626,49.2192,0.958084,1.02257,1,72.8281,0d8b25e5cf1c3ce2,volume,6,1,seasonal_naive_daily,0,,1992
92400,70.3551,270.891,2.4837,48.265,0.958084,1.00802,1,79.2398,b2523eef1b95483a,volume,6,1,seasonal_naive_weekly,0,,1992
92400,58.7271,213.988,-1.9435,40.6545,0.958084,0.795913,1,66.7455,6bbb96c4bd9b3a63,volume,6,1,autoregressive,275,order=24,1992
92400,75.7865,294.457,-2.58086,42.134,0.958084,0.842976,1,87.5945,87cbabcdc447b24d,volume,6,1,zone_ridge,1650,median_alpha=100.0,1992
92400,59.2555,224.084,1.89996,39.7482,0.958084,0.771594,1,67.0857,0feb798fa6be0bc2,volume,6,1,zone_gbm,275,max_iter=60;learning_rate=0.1;max_depth=4;min_samples_leaf=20,1992
92400,124.278,403.169,2.82413,147.293,0.958084,2.98523,1,140.9,0e5044aed9d6cdfe,volume,6,1,global_ridge,6,alpha=100.0,1992
92400,62.4384,207.155,1.14919,53.6531,0.958084,0.983661,1,70.3873,7bd3d4a6a1757458,volume,6,1,global_gbm,1,max_iter=200;learning_rate=0.05;max_leaf_nodes=63,1992
92400,149.787,641.91,0.289231,83.5701,0.953961,1.34516,1,177.921,e169b6d80b366839,volume,6,2,last_observation,0,,2328
92400,74.2147,286.872,0.968929,64.2336,0.953961,1.02626,1,85.6115,1f3944b5bc2d6a07,volume,6,2,seasonal_naive_daily,0,,2328
92400,85.8657,353.984,-8.25507,83.7719,0.953961,1.07604,1,101.028,8679a12e37c64aab,volume,6,2,seasonal_naive_weekly,0,,2328
92400,66.3864,261.553,-3.51968,58.1248,0.953961,0.811048,1,77.8009,20caae20ec4959fc,volume,6,2,autoregressive,275,order=24,2328
92400,78.4398,300.151,-6.93195,63.6919,0.953961,0.856658,1,92.5968,6f8611ac3b6bc683,volume,6,2,zone_ridge,1650,median_alpha=100.0,2328
92400,66.1229,266.884,-4.62971,63.6507,0.953961,0.803225,1,77.7929,e171e9cff25d6acb,volume,6,2,zone_gbm,275,max_iter=60;learning_rate=0.1;max_depth=4;min_samples_leaf=20,2328
92400,128.7,427.164,1.00024,152.444,0.953961,2.93858,1,148.315,bef7956792920f19,volume,6,2,global_ridge,6,alpha=1000.0,2328
92400,66.7752,242.441,0.801438,70.082,0.953961,0.969388,1,77.7422,84107765a73b22ff,volume,6,2,global_gbm,1,max_iter=200;learning_rate=0.05;max_leaf_nodes=63,2328
92400,122.234,581.139,-0.346311,50.2705,0.931948,0.936407,1,148.178,dad17183d58d7366,volume,6,3,last_observation,0,,2664
92400,60.5867,229.501,-0.547896,45.8909,0.931948,0.832663,1,69.5924,5f9ecac05e181d83,volume,6,3,seasonal_naive_daily,0,,2664
92400,78.7656,286.306,11.0818,58.3978,0.931948,1.07658,1,90.9195,b88d2b1c308399b2,volume,6,3,seasonal_naive_weekly,0,,2664
92400,57.5243,216.435,7.84956,41.5901,0.931948,0.674882,1,67.1729,568aefe76577182f,volume,6,3,autoregressive,275,order=24,2664
92400,71.597,268.879,9.50332,44.1394,0.931948,0.75927,1,83.2438,3b17ce6a9ba8356c,volume,6,3,zone_ridge,1650,median_alpha=100.0,2664
92400,62.9252,228.603,18.5251,47.8509,0.931948,0.773346,1,72.367,678a1c9bef3f49b9,volume,6,3,zone_gbm,275,max_iter=60;learning_rate=0.1;max_depth=4;min_samples_leaf=20,2664
92400,114.389,383.279,4.80487,134.421,0.931948,2.7807,1,131.169,3241e6a89a18d567,volume,6,3,global_ridge,6,alpha=1.0,2664
92400,57.1447,203.789,4.21796,44.4202,0.931948,0.7904,1,65.8291,27582df5a98ce85d,volume,6,3,global_gbm,1,max_iter=200;learning_rate=0.05;max_leaf_nodes=63,2664
92400,127.79,537.445,1.48902,69.1519,0.948128,1.32822,1,147.829,3a7b6b5870541c48,volume,6,4,last_observation,0,,3000
92400,60.2318,208.786,5.92941,49.7002,0.948128,0.971245,1,66.9394,ce8d9e332b1cf2c3,volume,6,4,seasonal_naive_daily,0,,3000
92400,80.6445,333.573,20.0225,57.529,0.948128,1.08888,1,87.7389,d04a3a3578483fff,volume,6,4,seasonal_naive_weekly,0,,3000
92400,58.1295,218.911,13.1018,44.8712,0.948128,0.767902,1,63.6532,292a627dad19263f,volume,6,4,autoregressive,275,order=24,3000
92400,73.3801,302.183,16.5545,49.7668,0.948128,0.835397,1,81.2862,a1004e84f29c08a3,volume,6,4,zone_ridge,1650,median_alpha=1000.0,3000
92400,63.2268,278.947,19.9109,46.9649,0.948128,0.77253,1,67.6552,c0ad1d17de5f03d7,volume,6,4,zone_gbm,275,max_iter=60;learning_rate=0.1;max_depth=4;min_samples_leaf=20,3000
92400,110.948,357.196,12.2813,132.164,0.948128,2.84949,1,123.574,533ab5c441fbc42e,volume,6,4,global_ridge,6,alpha=1.0,3000
92400,61.263,226.827,12.5642,53.7987,0.948128,0.931275,1,67.2451,cef06ff05777b5e6,volume,6,4,global_gbm,1,max_iter=200;learning_rate=0.05;max_leaf_nodes=63,3000
92400,71.6863,314.199,-0.964116,59.4097,0.927597,0.748759,1,80.207,e61f2d9a007fc2db,volume,6,5,last_observation,0,,3336
92400,45.63,186.388,-2.89979,44.544,0.927597,0.669788,1,49.7444,565806523c401fdc,volume,6,5,seasonal_naive_daily,0,,3336
92400,107.654,409.278,20.6293,113.755,0.927597,1.27504,1,120.438,6c705d38fbb4faaa,volume,6,5,seasonal_naive_weekly,0,,3336
92400,55.5872,201.708,28.248,78.0208,0.927597,0.648077,1,58.3082,23fe758d4a3b43b4,volume,6,5,autoregressive,275,order=24,3336
92400,80.9142,329.719,29.9454,92.1916,0.927597,0.801994,1,86.9257,2d4b4a7ec033cece,volume,6,5,zone_ridge,1650,median_alpha=100.0,3336
92400,79.1931,297.486,36.895,116.246,0.927597,0.858414,1,86.5326,d2c13cb44a847087,volume,6,5,zone_gbm,275,max_iter=60;learning_rate=0.1;max_depth=4;min_samples_leaf=20,3336
92400,85.2851,241.509,10.7609,172.895,0.927597,2.59042,1,92.8588,e0afc619e3a4b966,volume,6,5,global_ridge,6,alpha=1.0,3336
92400,52.4012,198.398,4.95569,60.5657,0.927597,0.685337,1,58.7085,b864c8a708cd8c4c,volume,6,5,global_gbm,1,max_iter=200;learning_rate=0.05;max_leaf_nodes=63,3336
92400,132.382,578.572,0.165365,80.2779,0.902868,1.13367,1,157.702,bc308f9c471a179c,volume,6,6,last_observation,0,,3672
92400,57.2995,220.275,-0.774724,54.7905,0.902868,0.824729,1,65.549,ff691b99228ed411,volume,6,6,seasonal_naive_daily,0,,3672
92400,92.8971,402.172,-30.4215,88.5637,0.902868,1.13436,1,110.588,96a96dfa665aaa41,volume,6,6,seasonal_naive_weekly,0,,3672
92400,54.8918,205.551,3.20293,64.3297,0.902868,0.729333,1,63.0167,3fdef73f4754dbd3,volume,6,6,autoregressive,275,order=24,3672
92400,74.1042,281.692,-4.54947,82.6615,0.902868,0.804713,1,87.0994,b73bf7ba6c62bb67,volume,6,6,zone_ridge,1650,median_alpha=1000.0,3672
92400,72.6441,312.449,-0.682025,86.4563,0.902868,0.774135,1,85.7306,08c29a8b4fb7bdba,volume,6,6,zone_gbm,275,max_iter=60;learning_rate=0.1;max_depth=4;min_samples_leaf=20,3672
92400,111.399,373.779,3.3734,180.513,0.902868,2.58354,1,128.346,9b0f5d93c1c6391c,volume,6,6,global_ridge,6,alpha=1.0,3672
92400,61.0153,215.199,4.91636,69.7199,0.902868,0.860027,1,70.3398,55fd4fcb5edb8386,volume,6,6,global_gbm,1,max_iter=200;learning_rate=0.05;max_leaf_nodes=63,3672
92400,139.235,627.644,-0.141457,63.511,0.950108,1.1371,1,165.878,cc60cc3c17e8a7de,volume,6,7,last_observation,0,,4008
92400,56.8484,224.327,-0.0277767,43.501,0.950108,0.774185,1,66.1476,4ff40f86d7e46629,volume,6,7,seasonal_naive_daily,0,,4008
92400,62.8789,227.085,-4.6598,70.8069,0.950108,0.951491,1,73.8681,f5566cdc2415f82d,volume,6,7,seasonal_naive_weekly,0,,4008
92400,53.797,210.11,-1.18346,45.5751,0.950108,0.660839,1,63.519,0deca5e647a70b2b,volume,6,7,autoregressive,275,order=24,4008
92400,68.7521,262.733,-6.81038,55.111,0.950108,0.732295,1,81.8986,3c33513c6a80d456,volume,6,7,zone_ridge,1650,median_alpha=100.0,4008
92400,53.4019,199.746,-3.988,49.001,0.950108,0.633604,1,63.9128,750b5efa8ec5fa93,volume,6,7,zone_gbm,275,max_iter=60;learning_rate=0.1;max_depth=4;min_samples_leaf=20,4008
92400,115.56,396.278,1.9705,161.36,0.950108,2.74435,1,133.689,5f17ac10e3f0fb22,volume,6,7,global_ridge,6,alpha=10.0,4008
92400,55.4047,188.715,-1.63088,52.6681,0.950108,0.799213,1,65.0451,daadbcd1b9fff171,volume,6,7,global_gbm,1,max_iter=200;learning_rate=0.05;max_leaf_nodes=63,4008
92400,66.9693,248.052,0.315595,48.8006,0.959892,1.04361,1,77.1003,7de7258e5bd3b070,volume,24,0,last_observation,0,,1656
92400,66.9693,248.052,0.315595,48.8006,0.959892,1.04361,1,77.1003,7afc648edaab6ff5,volume,24,0,seasonal_naive_daily,0,,1656
92400,72.6719,287.889,-4.16565,47.5701,0.959892,1.07017,1,85.3531,cc359e1919ebd79c,volume,24,0,seasonal_naive_weekly,0,,1656
92400,62.1518,226.978,-1.08,44.0224,0.959892,0.916055,1,72.1007,1f430d47da625cc6,volume,24,0,autoregressive,275,order=24,1656
92400,62.213,223.6,-3.16714,40.9613,0.959892,0.935761,1,72.29,405d031b3468965a,volume,24,0,zone_ridge,1650,median_alpha=1000.0,1656
92400,60.6822,210.111,-12.5556,42.0756,0.959892,1.03242,1,70.7533,783775e2836dcbdc,volume,24,0,zone_gbm,275,max_iter=60;learning_rate=0.1;max_depth=4;min_samples_leaf=20,1656
92400,61.9646,218.685,-7.30546,45.7961,0.959892,1.07069,1,72.0902,04925b4b50e73833,volume,24,0,global_ridge,6,alpha=1000.0,1656
92400,59.7983,219.269,-0.611349,46.7406,0.959892,0.969621,1,69.3553,7204efbfd6b438b4,volume,24,0,global_gbm,1,max_iter=100;learning_rate=0.1;max_leaf_nodes=31,1656
92400,64.8749,230.044,-1.27626,49.2192,0.958084,1.02257,1,72.8281,f93368e56b104ecf,volume,24,1,last_observation,0,,1992
92400,64.8749,230.044,-1.27626,49.2192,0.958084,1.02257,1,72.8281,07d8bafbe3c708f5,volume,24,1,seasonal_naive_daily,0,,1992
92400,70.3551,270.891,2.4837,48.265,0.958084,1.00802,1,79.2398,d285c54588b2de06,volume,24,1,seasonal_naive_weekly,0,,1992
92400,60.8099,211.248,-1.97203,45.0218,0.958084,0.900143,1,68.7247,3dbbcaf130a40e99,volume,24,1,autoregressive,275,order=24,1992
92400,64.8482,248.815,1.41464,43.7194,0.958084,0.888296,1,73.3901,6a049775fb98eebe,volume,24,1,zone_ridge,1650,median_alpha=1000.0,1992
92400,57.9666,203.755,0.67927,43.0917,0.958084,0.862371,1,65.4819,c0357276f9cac847,volume,24,1,zone_gbm,275,max_iter=60;learning_rate=0.1;max_depth=4;min_samples_leaf=20,1992
92400,62.1168,207.354,-3.09554,53.3725,0.958084,1.08369,1,70.0043,9bdfe3783ae859e3,volume,24,1,global_ridge,6,alpha=1000.0,1992
92400,59.3039,198.441,3.25035,58.72,0.958084,1.04256,1,66.4842,b992225eddf74927,volume,24,1,global_gbm,1,max_iter=100;learning_rate=0.1;max_leaf_nodes=31,1992
92400,74.2147,286.872,0.968929,64.2336,0.953961,1.02626,1,85.6115,3e1418e201239e59,volume,24,2,last_observation,0,,2328
92400,74.2147,286.872,0.968929,64.2336,0.953961,1.02626,1,85.6115,5fec32e17479790c,volume,24,2,seasonal_naive_daily,0,,2328
92400,85.8657,353.984,-8.25507,83.7719,0.953961,1.07604,1,101.028,3fe624ef510c1d6d,volume,24,2,seasonal_naive_weekly,0,,2328
92400,68.3365,259.557,-4.16011,63.8265,0.953961,0.903119,1,80.0246,87c29172564d529b,volume,24,2,autoregressive,275,order=24,2328
92400,67.9702,253.662,-6.91461,66.0973,0.953961,0.913752,1,80.0111,79ddc5b5e3cd57aa,volume,24,2,zone_ridge,1650,median_alpha=1000.0,2328
92400,66.4783,258.161,-3.58789,68.3857,0.953961,0.914839,1,77.9848,3a3aa05b593ad833,volume,24,2,zone_gbm,275,max_iter=60;learning_rate=0.1;max_depth=4;min_samples_leaf=20,2328
92400,67.9975,251,-5.65977,69.883,0.953961,1.02426,1,79.55,59f23c10e8f51725,volume,24,2,global_ridge,6,alpha=1000.0,2328
92400,65.9296,244.867,7.69005,74.043,0.953961,0.977214,1,76.624,cdd8fc6694b0a474,volume,24,2,global_gbm,1,max_iter=100;learning_rate=0.1;max_leaf_nodes=31,2328
92400,60.5867,229.501,-0.547896,45.8909,0.931948,0.832663,1,69.5924,40350842c3790601,volume,24,3,last_observation,0,,2664
92400,60.5867,229.501,-0.547896,45.8909,0.931948,0.832663,1,69.5924,7e197f7534e2463a,volume,24,3,seasonal_naive_daily,0,,2664
92400,78.7656,286.306,11.0818,58.3978,0.931948,1.07658,1,90.9195,623273ff968ab95d,volume,24,3,seasonal_naive_weekly,0,,2664
92400,58.9152,214.466,8.92843,47.7517,0.931948,0.786964,1,67.8897,afac3e8bfd1fa578,volume,24,3,autoregressive,275,order=24,2664
92400,61.143,215.445,13.8271,48.8233,0.931948,0.822887,1,70.2651,e846ee0bddd774c9,volume,24,3,zone_ridge,1650,median_alpha=1000.0,2664
92400,62.4036,221.507,17.3607,53.3393,0.931948,0.886995,1,71.3108,9b621e23feb8fc2b,volume,24,3,zone_gbm,275,max_iter=60;learning_rate=0.1;max_depth=4;min_samples_leaf=20,2664
92400,57.0196,203.818,-0.509791,48.3916,0.931948,0.897606,1,65.6583,28c7188881063dd6,volume,24,3,global_ridge,6,alpha=1000.0,2664
92400,56.1635,204.505,-0.349888,48.1647,0.931948,0.866843,1,65.0039,bb4d1c2e6a2e8697,volume,24,3,global_gbm,1,max_iter=100;learning_rate=0.1;max_leaf_nodes=31,2664
92400,60.2318,208.786,5.92941,49.7002,0.948128,0.971245,1,66.9394,717fb926aaa11ae6,volume,24,4,last_observation,0,,3000
92400,60.2318,208.786,5.92941,49.7002,0.948128,0.971245,1,66.9394,4f58515a6a580fa1,volume,24,4,seasonal_naive_daily,0,,3000
92400,80.6445,333.573,20.0225,57.529,0.948128,1.08888,1,87.7389,477f4d16e9d67e01,volume,24,4,seasonal_naive_weekly,0,,3000
92400,59.2022,212.049,12.8663,49.2073,0.948128,0.871381,1,64.7835,6ab8440a046efb59,volume,24,4,autoregressive,275,order=24,3000
92400,59.3933,223.384,17.3094,49.0183,0.948128,0.860114,1,64.4382,74440a86454a6d8c,volume,24,4,zone_ridge,1650,median_alpha=1000.0,3000
92400,61.0608,244.87,17.1665,52.6052,0.948128,0.895069,1,65.7064,f80cabf535db6de9,volume,24,4,zone_gbm,275,max_iter=60;learning_rate=0.1;max_depth=4;min_samples_leaf=20,3000
92400,57.0741,199.151,9.64719,49.483,0.948128,0.939845,1,62.7713,590a035d08502a86,volume,24,4,global_ridge,6,alpha=1000.0,3000
92400,56.9614,205.097,14.0335,51.9482,0.948128,0.937898,1,62.5083,ba353f5207acbd0f,volume,24,4,global_gbm,1,max_iter=100;learning_rate=0.1;max_leaf_nodes=31,3000
92400,45.63,186.388,-2.89979,44.544,0.927597,0.669788,1,49.7444,575317322a4e2e9c,volume,24,5,last_observation,0,,3336
92400,45.63,186.388,-2.89979,44.544,0.927597,0.669788,1,49.7444,557dddc7dc7f1697,volume,24,5,seasonal_naive_daily,0,,3336
92400,107.654,409.278,20.6293,113.755,0.927597,1.27504,1,120.438,4fc0ea4549d2c3d3,volume,24,5,seasonal_naive_weekly,0,,3336
92400,59.6298,204.85,31.0969,87.4787,0.927597,0.797407,1,62.1446,2ceaebdaf790ee26,volume,24,5,autoregressive,275,order=24,3336
92400,67.8477,234.184,29.8799,87.6837,0.927597,0.864753,1,73.2419,6fca5258b88c3897,volume,24,5,zone_ridge,1650,median_alpha=1000.0,3336
92400,71.4442,241.692,29.2713,117.364,0.927597,0.986481,1,77.1669,2693587087277d27,volume,24,5,zone_gbm,275,max_iter=60;learning_rate=0.1;max_depth=4;min_samples_leaf=20,3336
92400,53.9175,196.324,5.26621,65.0665,0.927597,0.814772,1,59.2517,fa78bff042233c2c,volume,24,5,global_ridge,6,alpha=10.0,3336
92400,53.5235,197.511,3.65997,72.3955,0.927597,0.832644,1,59.0703,d2a543cb408e4c6d,volume,24,5,global_gbm,1,max_iter=100;learning_rate=0.1;max_leaf_nodes=31,3336
92400,57.2995,220.275,-0.774724,54.7905,0.902868,0.824729,1,65.549,26fef89dd1b6cbb3,volume,24,6,last_observation,0,,3672
92400,57.2995,220.275,-0.774724,54.7905,0.902868,0.824729,1,65.549,2a4ec4d8cb3ea26c,volume,24,6,seasonal_naive_daily,0,,3672
92400,92.8971,402.172,-30.4215,88.5637,0.902868,1.13436,1,110.588,5e7c07f0e254301c,volume,24,6,seasonal_naive_weekly,0,,3672
92400,57.7158,205.391,4.3877,76.0746,0.902868,0.866749,1,65.4767,336ef2657f963919,volume,24,6,autoregressive,275,order=24,3672
92400,59.976,217.335,-1.79116,79.639,0.902868,0.858919,1,68.7753,e71e51cb22f88767,volume,24,6,zone_ridge,1650,median_alpha=1000.0,3672
92400,65.1131,247.745,-5.38874,102.63,0.902868,0.934627,1,75.2063,9eb5af446d5ce64c,volume,24,6,zone_gbm,275,max_iter=60;learning_rate=0.1;max_depth=4;min_samples_leaf=20,3672
92400,55.749,201.456,-4.21482,69.5011,0.902868,0.887648,1,63.6909,edf4c5b025a9db20,volume,24,6,global_ridge,6,alpha=1000.0,3672
92400,59.2072,216.945,13.8934,94.4547,0.902868,0.986781,1,66.4641,9062fc906bf745af,volume,24,6,global_gbm,1,max_iter=100;learning_rate=0.1;max_leaf_nodes=31,3672
92400,56.8484,224.327,-0.0277767,43.501,0.950108,0.774185,1,66.1476,228718699b4228af,volume,24,7,last_observation,0,,4008
92400,56.8484,224.327,-0.0277767,43.501,0.950108,0.774185,1,66.1476,369b07b561b64df0,volume,24,7,seasonal_naive_daily,0,,4008
92400,62.8789,227.085,-4.6598,70.8069,0.950108,0.951491,1,73.8681,e9a4d5a7667d0911,volume,24,7,seasonal_naive_weekly,0,,4008
92400,55.3067,206.241,-0.841805,53.4472,0.950108,0.762113,1,64.9709,2d567c7fcb6edaf1,volume,24,7,autoregressive,275,order=24,4008
92400,54.065,195.122,-7.96036,49.7688,0.950108,0.755455,1,63.8384,ba8311d9128c869b,volume,24,7,zone_ridge,1650,median_alpha=1000.0,4008
92400,54.1807,196.45,-4.03636,58.7711,0.950108,0.754656,1,64.0869,901bfc898795f55c,volume,24,7,zone_gbm,275,max_iter=60;learning_rate=0.1;max_depth=4;min_samples_leaf=20,4008
92400,54.9099,198.141,-3.07525,57.7289,0.950108,0.873898,1,64.3942,d09c7778279948a0,volume,24,7,global_ridge,6,alpha=1000.0,4008
92400,54.109,193.621,1.71276,61.9644,0.950108,0.846865,1,63.6559,0ee24f75f6de5915,volume,24,7,global_gbm,1,max_iter=100;learning_rate=0.1;max_leaf_nodes=31,4008
92400,1.39153,3.133,0.00492965,16.2467,0.959892,0.401962,1,1.51584,d9781039f8d5ddbb,duration,1,0,last_observation,0,,1656
92400,3.05109,5.0793,-0.00941919,44.1003,0.959892,1.04106,1,3.22392,a580836545c474b2,duration,1,0,seasonal_naive_daily,0,,1656
92400,3.23501,6.01796,-0.579554,42.8341,0.959892,1.06382,1,3.53838,6c47bd6fe77ade37,duration,1,0,seasonal_naive_weekly,0,,1656
92400,1.10359,2.02782,-0.0215906,15.5252,0.959892,0.354207,1,1.19126,8ce9040ddfd4857b,duration,1,0,autoregressive,275,order=24,1656
92400,1.12005,1.9775,-0.126068,15.4712,0.959892,0.3579,1,1.21376,a6f2b642369ed1b6,duration,1,0,zone_ridge,1650,median_alpha=10.0,1656
92400,1.06357,1.86154,-0.0954279,15.0191,0.959892,0.351504,1,1.15255,1ef3dc4bee4bce42,duration,1,0,zone_gbm,275,max_iter=60;learning_rate=0.1;max_depth=4;min_samples_leaf=20,1656
92400,1.1438,2.06376,-0.0970855,16.376,0.959892,0.382278,1,1.23199,4e55214827496cc2,duration,1,0,global_ridge,6,alpha=100.0,1656
92400,1.01623,1.82223,0.121869,14.9108,0.959892,0.337126,1,1.08945,5a65abda8259e820,duration,1,0,global_gbm,1,max_iter=200;learning_rate=0.05;max_leaf_nodes=63,1656
92400,1.35728,3.07271,-0.0053364,15.8886,0.958084,0.387778,1,1.46087,437f9d4ec206b35a,duration,1,1,last_observation,0,,1992
92400,3.0256,4.94418,-0.00353716,43.2408,0.958084,1.01453,1,3.1485,9b4bcf625d48a340,duration,1,1,seasonal_naive_daily,0,,1992
92400,2.822,4.36944,0.0304654,42.7099,0.958084,0.992718,1,2.9546,66a9a8582b5f8d72,duration,1,1,seasonal_naive_weekly,0,,1992
92400,1.0543,1.9041,-0.027886,15.1456,0.958084,0.337964,1,1.1198,78a049c8cc686626,duration,1,1,autoregressive,275,order=24,1992
92400,1.0326,1.7867,-0.0408692,15.0915,0.958084,0.334453,1,1.09583,9ef022d0687f12f0,duration,1,1,zone_ridge,1650,median_alpha=10.0,1992
92400,0.977332,1.70729,0.000238636,14.5153,0.958084,0.322084,1,1.03529,8ab35ed401ad17db,duration,1,1,zone_gbm,275,max_iter=60;learning_rate=0.1;max_depth=4;min_samples_leaf=20,1992
92400,1.09341,1.93653,-0.00805699,16.3607,0.958084,0.367281,1,1.15379,5c0028f40f0cbec9,duration,1,1,global_ridge,6,alpha=100.0,1992
92400,1.15552,2.30015,0.341587,16.5103,0.958084,0.362,1,1.22069,1d58c8cd1a10bfaf,duration,1,1,global_gbm,1,max_iter=200;learning_rate=0.05;max_leaf_nodes=63,1992
92400,1.37328,3.21867,0.00705988,17.7689,0.953961,0.385929,1,1.48385,216a66c622dc47c1,duration,1,2,last_observation,0,,2328
92400,3.1098,5.31716,0.0296762,47.3901,0.953961,1.01574,1,3.26706,97a02fb94d419e0b,duration,1,2,seasonal_naive_daily,0,,2328
92400,3.11538,4.95461,-0.0379095,50.5597,0.953961,1.05697,1,3.30091,5b444ca6454c51f5,duration,1,2,seasonal_naive_weekly,0,,2328
92400,1.12581,2.20565,-0.0152681,17.9118,0.953961,0.349908,1,1.21181,292ad12772ac1f53,duration,1,2,autoregressive,275,order=24,2328
92400,1.11667,2.23644,0.0363199,18.0347,0.953961,0.346419,1,1.19581,96e491e2aaa5b9fc,duration,1,2,zone_ridge,1650,median_alpha=10.0,2328
92400,1.02278,1.93124,0.0133349,17.7589,0.953961,0.329057,1,1.10526,11110a76ef8198f8,duration,1,2,zone_gbm,275,max_iter=60;learning_rate=0.1;max_depth=4;min_samples_leaf=20,2328
92400,1.15461,2.18292,-0.00932355,18.8862,0.953961,0.379053,1,1.22852,7e81949906394c09,duration,1,2,global_ridge,6,alpha=0.1,2328
92400,1.01754,2.01598,0.0164254,16.8562,0.953961,0.324421,1,1.09383,e776c692ccbd7723,duration,1,2,global_gbm,1,max_iter=200;learning_rate=0.05;max_leaf_nodes=63,2328
92400,0.992694,2.42545,-0.00680465,13.296,0.931948,0.283291,1,1.09549,8e2880647e01c1a9,duration,1,3,last_observation,0,,2664
92400,2.47133,3.96896,-0.0223386,39.3766,0.931948,0.825146,1,2.61186,30e8ab75e7ed44fe,duration,1,3,seasonal_naive_daily,0,,2664
92400,3.40158,5.46414,0.434793,50.197,0.931948,1.07721,1,3.59899,5575d84ecfbb260a,duration,1,3,seasonal_naive_weekly,0,,2664
92400,0.856837,1.62765,0.0358557,13.9052,0.931948,0.269814,1,0.928077,3645faa2d567fea8,duration,1,3,autoregressive,275,order=24,2664
92400,0.888194,1.59616,-0.0194691,14.2594,0.931948,0.27871,1,0.958249,ee3be22df7db8212,duration,1,3,zone_ridge,1650,median_alpha=10.0,2664
92400,0.891397,1.70284,0.0907271,14.042,0.931948,0.274409,1,0.963896,4eec20ad3fd815ea,duration,1,3,zone_gbm,275,max_iter=60;learning_rate=0.1;max_depth=4;min_samples_leaf=20,2664
92400,0.911724,1.66936,-0.0578113,14.938,0.931948,0.301356,1,0.97969,222e7038718a3145,duration,1,3,global_ridge,6,alpha=1000.0,2664
92400,0.826345,1.66229,0.0362806,12.5664,0.931948,0.258895,1,0.892901,a2c0c8fcaeea0a33,duration,1,3,global_gbm,1,max_iter=200;learning_rate=0.05;max_leaf_nodes=63,2664
92400,1.27404,2.80133,0.0095202,15.8518,0.948128,0.369533,1,1.37088,94a510a6e7f6794a,duration,1,4,last_observation,0,,3000
92400,2.82955,4.50759,0.147167,43.6827,0.948128,0.964005,1,2.94364,365508f605d9f5b4,duration,1,4,seasonal_naive_daily,0,,3000
92400,3.23609,5.15536,0.181122,48.6607,0.948128,1.08462,1,3.38526,f2fde644486be818,duration,1,4,seasonal_naive_weekly,0,,3000
92400,0.985491,1.73694,0.041714,15.475,0.948128,0.321878,1,1.04183,7ca3055cec47485f,duration,1,4,autoregressive,275,order=24,3000
92400,0.971004,1.65313,0.0657449,15.3205,0.948128,0.320807,1,1.02155,bbafbf689adfda93,duration,1,4,zone_ridge,1650,median_alpha=10.0,3000
92400,0.927353,1.63366,0.0972602,14.7568,0.948128,0.304137,1,0.969127,1e11a204ca0153e8,duration,1,4,zone_gbm,275,max_iter=60;learning_rate=0.1;max_depth=4;min_samples_leaf=20,3000
92400,1.02676,1.7519,0.00542338,16.2274,0.948128,0.348953,1,1.0818,a437c72c6eb700dc,duration,1,4,global_ridge,6,alpha=1000.0,3000
92400,0.929254,1.65597,0.120555,14.3993,0.948128,0.30661,1,0.980527,4bd01ced09953eeb,duration,1,4,global_gbm,1,max_iter=200;learning_rate=0.05;max_leaf_nodes=63,3000
92400,0.782725,1.89064,-0.00237554,12.9281,0.927597,0.219977,1,0.830885,dc05f39ca2ab134e,duration,1,5,last_observation,0,,3336
92400,2.11763,3.54075,-0.0378905,38.3278,0.927597,0.677519,1,2.19167,5fb14de5bb10016d,duration,1,5,seasonal_naive_daily,0,,3336
92400,4.47828,7.84894,1.09928,82.9413,0.927597,1.30223,1,4.72488,0ba7c4028e7994cc,duration,1,5,seasonal_naive_weekly,0,,3336
92400,0.758577,1.52476,0.14931,16.7611,0.927597,0.233565,1,0.790298,18992fc96ffe5169,duration,1,5,autoregressive,275,order=24,3336
92400,0.914845,1.96144,0.188816,18.9177,0.927597,0.269234,1,0.974095,27e3d901ce7e89a7,duration,1,5,zone_ridge,1650,median_alpha=10.0,3336
92400,0.94168,1.7985,0.307475,24,0.927597,0.291739,1,0.978964,e569378636d4e27a,duration,1,5,zone_gbm,275,max_iter=60;learning_rate=0.1;max_depth=4;min_samples_leaf=20,3336
92400,0.82748,1.54415,0.0661727,17.609,0.927597,0.270304,1,0.861455,b7d141ff5024835b,duration,1,5,global_ridge,6,alpha=1000.0,3336
92400,0.739823,1.55643,0.0391255,14.8364,0.927597,0.229824,1,0.778256,52508cb30db2232c,duration,1,5,global_gbm,1,max_iter=200;learning_rate=0.05;max_leaf_nodes=63,3336
92400,1.14423,2.79399,-0.000873918,15.6043,0.902868,0.315525,1,1.26357,a436514141543c66,duration,1,6,last_observation,0,,3672
92400,2.57063,4.57699,-0.00208063,44.7901,0.902868,0.826591,1,2.72432,84dbe8cfb2f0ca21,duration,1,6,seasonal_naive_daily,0,,3672
92400,3.51362,6.08728,-0.744527,63.1736,0.902868,1.13304,1,3.78245,ccf5bf8d3f8127ae,duration,1,6,seasonal_naive_weekly,0,,3672
92400,0.927112,1.85693,0.0546207,17.9167,0.902868,0.289294,1,1.00063,0905fc15ad4b8146,duration,1,6,autoregressive,275,order=24,3672
92400,0.929501,1.78232,-0.0705451,18.007,0.902868,0.292318,1,1.00434,81c9d914d4d654d5,duration,1,6,zone_ridge,1650,median_alpha=10.0,3672
92400,0.893632,1.71131,0.0743345,19.2342,0.902868,0.286927,1,0.947898,1c8c477690828c69,duration,1,6,zone_gbm,275,max_iter=60;learning_rate=0.1;max_depth=4;min_samples_leaf=20,3672
92400,0.957364,1.84501,-0.0852657,18.0704,0.902868,0.312437,1,1.03444,474235a51ac9c3c1,duration,1,6,global_ridge,6,alpha=10.0,3672
92400,0.890164,2.169,0.0476168,15.651,0.902868,0.272968,1,0.974311,7ad94e7fc4ada0d4,duration,1,6,global_gbm,1,max_iter=200;learning_rate=0.05;max_leaf_nodes=63,3672
92400,1.1515,2.88246,-0.00114538,12.5752,0.950108,0.314576,1,1.25514,0d8cb8bf1b96a499,duration,1,7,last_observation,0,,4008
92400,2.40744,4.25073,-0.00121843,35.4686,0.950108,0.777449,1,2.53156,3fd8b632e90a164b,duration,1,7,seasonal_naive_daily,0,,4008
92400,2.53995,3.82979,-0.220694,51.1194,0.950108,0.934164,1,2.66742,fb0c6cc544ffdb53,duration,1,7,seasonal_naive_weekly,0,,4008
92400,0.890171,1.78444,0.00816846,13.492,0.950108,0.274873,1,0.959179,9f9b226d8da3588d,duration,1,7,autoregressive,275,order=24,4008
92400,0.868324,1.64104,-0.0742545,13.9453,0.950108,0.274983,1,0.933864,b6486ef9e3e6e5be,duration,1,7,zone_ridge,1650,median_alpha=1.0,4008
92400,0.797153,1.4847,-0.014135,13.2594,0.950108,0.257942,1,0.852783,b8f40b43b8b77405,duration,1,7,zone_gbm,275,max_iter=60;learning_rate=0.1;max_depth=4;min_samples_leaf=20,4008
92400,0.935957,1.7941,-0.0979272,15.0071,0.950108,0.311135,1,1.0026,2c0a26cbc78261fb,duration,1,7,global_ridge,6,alpha=0.1,4008
92400,0.797116,1.56814,0.0157897,11.8645,0.950108,0.253879,1,0.8566,8d6ea6f55fa8861f,duration,1,7,global_gbm,1,max_iter=200;learning_rate=0.05;max_leaf_nodes=63,4008
92400,5.22449,10.1198,0.0041847,58.2605,0.959892,1.4166,1,5.68253,0de1bf56d1a96f44,duration,6,0,last_observation,0,,1656
92400,3.05109,5.0793,-0.00941919,44.1003,0.959892,1.04106,1,3.22392,45f21732526409d7,duration,6,0,seasonal_naive_daily,0,,1656
92400,3.23501,6.01796,-0.579554,42.8341,0.959892,1.06382,1,3.53838,db2a25f15edc08d4,duration,6,0,seasonal_naive_weekly,0,,1656
92400,2.46301,4.08622,-0.152807,35.2927,0.959892,0.813208,1,2.63223,cb4c9f68cde62c5f,duration,6,0,autoregressive,275,order=24,1656
92400,2.82303,4.75277,-0.763141,35.9615,0.959892,0.885975,1,3.09832,f1eab6115ac0d0a0,duration,6,0,zone_ridge,1650,median_alpha=100.0,1656
92400,2.41402,3.86326,-0.623208,33.1201,0.959892,0.816996,1,2.63224,d3e4ade3212667a6,duration,6,0,zone_gbm,275,max_iter=60;learning_rate=0.1;max_depth=4;min_samples_leaf=20,1656
92400,3.6255,6.07428,-0.439697,49.3464,0.959892,1.17282,1,3.92666,309332bb35c10410,duration,6,0,global_ridge,6,alpha=0.1,1656
92400,2.37789,3.81779,-0.229295,38.0081,0.959892,0.826074,1,2.55872,eb8019a14773a932,duration,6,0,global_gbm,1,max_iter=200;learning_rate=0.05;max_leaf_nodes=63,1656
92400,5.15445,10.0004,-0.00455628,56.1803,0.958084,1.37317,1,5.5697,3c6f878f342ac173,duration,6,1,last_observation,0,,1992
92400,3.0256,4.94418,-0.00353716,43.2408,0.958084,1.01453,1,3.1485,0f90390b6f6cc828,duration,6,1,seasonal_naive_daily,0,,1992
92400,2.822,4.36944,0.0304654,42.7099,0.958084,0.992718,1,2.9546,1e93363d877e40c5,duration,6,1,seasonal_naive_weekly,0,,1992
92400,2.38284,3.87266,-0.136472,34.6558,0.958084,0.784971,1,2.50558,d476c0c9dd6e2199,duration,6,1,autoregressive,275,order=24,1992
92400,2.62439,4.26616,-0.414323,35.5715,0.958084,0.829675,1,2.82471,f0e513660270e620,duration,6,1,zone_ridge,1650,median_alpha=100.0,1992
92400,2.19866,3.43706,0.00503446,33.8237,0.958084,0.75424,1,2.31593,b9258ac36e858225,duration,6,1,zone_gbm,275,max_iter=60;learning_rate=0.1;max_depth=4;min_samples_leaf=20,1992
92400,3.62793,5.99656,-0.134632,52.2043,0.958084,1.17937,1,3.85335,a70211cb5bfa9d07,duration,6,1,global_ridge,6,alpha=1.0,1992
92400,2.32153,3.5238,0.360461,40.1545,0.958084,0.815743,1,2.40868,061ec2d2f0125671,duration,6,1,global_gbm,1,max_iter=200;learning_rate=0.05;max_leaf_nodes=63,1992
92400,5.1265,10.2574,0.0157422,62.6057,0.953961,1.35216,1,5.58325,d54fdffd85c9bc28,duration,6,2,last_observation,0,,2328
92400,3.1098,5.31716,0.0296762,47.3901,0.953961,1.01574,1,3.26706,e4077adc3fdcb6be,duration,6,2,seasonal_naive_daily,0,,2328
92400,3.11538,4.95461,-0.0379095,50.5597,0.953961,1.05697,1,3.30091,419ee15c6c091e93,duration,6,2,seasonal_naive_weekly,0,,2328
92400,2.50765,4.27645,-0.142211,39.7745,0.953961,0.801911,1,2.67571,0ea457a0051390a9,duration,6,2,autoregressive,275,order=24,2328
92400,2.81293,6.09233,-0.154331,41.2226,0.953961,0.845396,1,3.01298,b0229abbf467f496,duration,6,2,zone_ridge,1650,median_alpha=100.0,2328
92400,2.31214,3.67703,-0.064332,40.2893,0.953961,0.786783,1,2.46701,d09e820c605d2ec4,duration,6,2,zone_gbm,275,max_iter=60;learning_rate=0.1;max_depth=4;min_samples_leaf=20,2328
92400,3.65205,6.19101,-0.193262,54.2014,0.953961,1.16677,1,3.92255,49bedb0dde8d771e,duration,6,2,global_ridge,6,alpha=100.0,2328
92400,2.314,3.66413,0.0931688,42.3368,0.953961,0.791003,1,2.46191,ec1808098fd7c609,duration,6,2,global_gbm,1,max_iter=200;learning_rate=0.05;max_leaf_nodes=63,2328
92400,3.37796,6.82179,-0.0193191,42.3595,0.931948,0.929329,1,3.73986,1149aed9134b09c0,duration,6,3,last_observation,0,,2664
92400,2.47133,3.96896,-0.0223386,39.3766,0.931948,0.825146,1,2.61186,87124e5e5d38fe97,duration,6,3,seasonal_naive_daily,0,,2664
92400,3.40158,5.46414,0.434793,50.197,0.931948,1.07721,1,3.59899,991223f1d6784a57,duration,6,3,seasonal_naive_weekly,0,,2664
92400,2.02774,3.29704,0.224378,33.9686,0.931948,0.662103,1,2.1567,7bf230e7c02e476e,duration,6,3,autoregressive,275,order=24,2664
92400,2.52337,4.2606,0.307386,36.8404,0.931948,0.75616,1,2.71039,877ad673f7f8cdb2,duration,6,3,zone_ridge,1650,median_alpha=100.0,2664
92400,2.375,3.83754,0.542,38.2243,0.931948,0.75268,1,2.50057,8ddd35baa87b5b7d,duration,6,3,zone_gbm,275,max_iter=60;learning_rate=0.1;max_depth=4;min_samples_leaf=20,2664
92400,2.79241,4.55697,-0.007428,47.5275,0.931948,0.971493,1,2.99248,8eca7859fd23e935,duration,6,3,global_ridge,6,alpha=100.0,2664
92400,2.08604,3.36214,0.304871,33.5135,0.931948,0.675394,1,2.22254,caa94229caee97b2,duration,6,3,global_gbm,1,max_iter=200;learning_rate=0.05;max_leaf_nodes=63,2664
92400,4.98392,9.60304,0.0565846,57.811,0.948128,1.34411,1,5.37356,934643719976f080,duration,6,4,last_observation,0,,3000
92400,2.82955,4.50759,0.147167,43.6827,0.948128,0.964005,1,2.94364,cd122ff028c031e7,duration,6,4,seasonal_naive_daily,0,,3000
92400,3.23609,5.15536,0.181122,48.6607,0.948128,1.08462,1,3.38526,c2621996165a2913,duration,6,4,seasonal_naive_weekly,0,,3000
92400,2.27043,3.61094,0.131456,36.5637,0.948128,0.759277,1,2.36635,ab597a9ab81eace3,duration,6,4,autoregressive,275,order=24,3000
92400,2.62829,4.3247,0.239063,39.1132,0.948128,0.826018,1,2.76118,97d82dbb92752d36,duration,6,4,zone_ridge,1650,median_alpha=1000.0,3000
92400,2.23818,3.57704,0.375901,36.6375,0.948128,0.755846,1,2.31823,8a401f0d4ce07807,duration,6,4,zone_gbm,275,max_iter=60;learning_rate=0.1;max_depth=4;min_samples_leaf=20,3000
92400,3.32317,5.47922,0.0446264,50.2513,0.948128,1.09201,1,3.52103,96de9807408f81bf,duration,6,4,global_ridge,6,alpha=1000.0,3000
92400,2.20355,3.3222,0.311102,38.9156,0.948128,0.771696,1,2.29445,c87c1f1ed3bd7dfa,duration,6,4,global_gbm,1,max_iter=200;learning_rate=0.05;max_leaf_nodes=63,3000
92400,2.87946,5.93079,-0.0203896,42.7441,0.927597,0.766107,1,3.06671,a53b0d0431b46f65,duration,6,5,last_observation,0,,3336
92400,2.11763,3.54075,-0.0378905,38.3278,0.927597,0.677519,1,2.19167,65e1ea8f43cdcd66,duration,6,5,seasonal_naive_daily,0,,3336
92400,4.47828,7.84894,1.09928,82.9413,0.927597,1.30223,1,4.72488,2bf38bc2416e64e3,duration,6,5,seasonal_naive_weekly,0,,3336
92400,2.04312,3.27871,0.999604,49.2452,0.927597,0.648241,1,2.05279,745dcea6f9c490b7,duration,6,5,autoregressive,275,order=24,3336
92400,2.8003,5.75423,1.11398,58.3783,0.927597,0.80292,1,2.93127,4f66e8b3c0923dab,duration,6,5,zone_ridge,1650,median_alpha=100.0,3336
92400,2.78487,4.67725,1.62206,66.0784,0.927597,0.85747,1,2.84931,9c5bebf170f62129,duration,6,5,zone_gbm,275,max_iter=60;learning_rate=0.1;max_depth=4;min_samples_leaf=20,3336
92400,2.45998,3.87822,0.440802,58.2366,0.927597,0.865354,1,2.5453,f67d24f9d7454154,duration,6,5,global_ridge,6,alpha=10.0,3336
92400,1.90102,3.39589,0.265436,40.6316,0.927597,0.595428,1,1.99396,b1d906b4d9a0b07e,duration,6,5,global_gbm,1,max_iter=200;learning_rate=0.05;max_leaf_nodes=63,3336
92400,4.47087,9.3476,0.0050956,59.3429,0.902868,1.15379,1,4.95334,558ec17808e8e9f3,duration,6,6,last_observation,0,,3672
92400,2.57063,4.57699,-0.00208063,44.7901,0.902868,0.826591,1,2.72432,a68dd78c00767a37,duration,6,6,seasonal_naive_daily,0,,3672
92400,3.51362,6.08728,-0.744527,63.1736,0.902868,1.13304,1,3.78245,40343723c61449a6,duration,6,6,seasonal_naive_weekly,0,,3672
92400,2.20899,3.74627,0.341377,46.6436,0.902868,0.722755,1,2.32405,203166fd62dd37a4,duration,6,6,autoregressive,275,order=24,3672
92400,2.52539,4.28089,0.121781,52.6567,0.902868,0.792067,1,2.7144,c6fce073e49d8d2a,duration,6,6,zone_ridge,1650,median_alpha=1000.0,3672
92400,2.22934,3.68412,0.20138,52.7381,0.902868,0.752295,1,2.35581,3baf974c0f90b0d6,duration,6,6,zone_gbm,275,max_iter=60;learning_rate=0.1;max_depth=4;min_samples_leaf=20,3672
92400,3.154,5.49903,-0.118508,62.2076,0.902868,1.01155,1,3.42063,d40f0b35b254ae5b,duration,6,6,global_ridge,6,alpha=10.0,3672
92400,2.11393,3.42263,0.242554,45.6276,0.902868,0.712146,1,2.25096,63da0c01315251c9,duration,6,6,global_gbm,1,max_iter=200;learning_rate=0.05;max_leaf_nodes=63,3672
92400,4.53954,9.61207,-0.00840999,47.7751,0.950108,1.1613,1,4.94994,7832f189fc821244,duration,6,7,last_observation,0,,4008
92400,2.40744,4.25073,-0.00121843,35.4686,0.950108,0.777449,1,2.53156,44e2c39d85f9e2ed,duration,6,7,seasonal_naive_daily,0,,4008
92400,2.53995,3.82979,-0.220694,51.1194,0.950108,0.934164,1,2.66742,81fac5e5143f261e,duration,6,7,seasonal_naive_weekly,0,,4008
92400,2.0171,3.4535,0.0459101,34.6501,0.950108,0.658079,1,2.13291,41d579d0e8782149,duration,6,7,autoregressive,275,order=24,4008
92400,2.25411,3.72577,-0.327169,39.1579,0.950108,0.723618,1,2.42575,6c9ad3a00b57e55b,duration,6,7,zone_ridge,1650,median_alpha=100.0,4008
92400,1.79479,2.85855,-0.129541,33.6388,0.950108,0.614901,1,1.90515,f4df4a796fe5ec11,duration,6,7,zone_gbm,275,max_iter=60;learning_rate=0.1;max_depth=4;min_samples_leaf=20,4008
92400,3.12896,5.47455,-0.350027,51.9052,0.950108,1.02748,1,3.36898,21017359b38e460d,duration,6,7,global_ridge,6,alpha=10.0,4008
92400,1.9284,3.08704,-0.116667,34.1876,0.950108,0.655573,1,2.06182,c9cef80f5aa1831c,duration,6,7,global_gbm,1,max_iter=200;learning_rate=0.05;max_leaf_nodes=63,4008
92400,3.05109,5.0793,-0.00941919,44.1003,0.959892,1.04106,1,3.22392,8e374fa673de8bbe,duration,24,0,last_observation,0,,1656
92400,3.05109,5.0793,-0.00941919,44.1003,0.959892,1.04106,1,3.22392,ad1e400da04c3233,duration,24,0,seasonal_naive_daily,0,,1656
92400,3.23501,6.01796,-0.579554,42.8341,0.959892,1.06382,1,3.53838,2ff91957ae3339ca,duration,24,0,seasonal_naive_weekly,0,,1656
92400,2.77733,4.60408,-0.270324,39.2361,0.959892,0.915069,1,2.97853,406afc1131426e50,duration,24,0,autoregressive,275,order=24,1656
92400,2.86129,4.63785,-0.981705,36.8388,0.959892,0.935431,1,3.13517,73050e4d6bfba6fd,duration,24,0,zone_ridge,1650,median_alpha=1000.0,1656
92400,3.21799,5.38931,-1.75395,37.8126,0.959892,1.03657,1,3.54001,41742140858d177f,duration,24,0,zone_gbm,275,max_iter=60;learning_rate=0.1;max_depth=4;min_samples_leaf=20,1656
92400,2.94952,4.68905,-1.00654,39.3771,0.959892,1.01854,1,3.2026,04a7112a8f0261e4,duration,24,0,global_ridge,6,alpha=1000.0,1656
92400,2.44982,3.82809,-0.152368,38.3771,0.959892,0.861931,1,2.61623,be22d408454fd5ef,duration,24,0,global_gbm,1,max_iter=200;learning_rate=0.05;max_leaf_nodes=63,1656
92400,3.0256,4.94418,-0.00353716,43.2408,0.958084,1.01453,1,3.1485,34f0c77c67d3dfd5,duration,24,1,last_observation,0,,1992
92400,3.0256,4.94418,-0.00353716,43.2408,0.958084,1.01453,1,3.1485,f5410fa2e1656313,duration,24,1,seasonal_naive_daily,0,,1992
92400,2.822,4.36944,0.0304654,42.7099,0.958084,0.992718,1,2.9546,ce5211331dad72ad,duration,24,1,seasonal_naive_weekly,0,,1992
92400,2.72898,4.44448,-0.212631,39.1054,0.958084,0.892933,1,2.8713,e3f7bd3e51ef1be2,duration,24,1,autoregressive,275,order=24,1992
92400,2.67572,4.22392,-0.358274,37.5795,0.958084,0.878193,1,2.84878,c80ac9477e2670cc,duration,24,1,zone_ridge,1650,median_alpha=1000.0,1992
92400,2.47817,3.83484,-0.0539032,37.6375,0.958084,0.853163,1,2.61428,0bed26c3f6841309,duration,24,1,zone_gbm,275,max_iter=60;learning_rate=0.1;max_depth=4;min_samples_leaf=20,1992
92400,2.81036,4.44813,-0.277127,40.776,0.958084,0.948839,1,2.95579,b86718234b0cf23a,duration,24,1,global_ridge,6,alpha=1000.0,1992
92400,2.40224,3.57951,0.438989,40.2288,0.958084,0.844871,1,2.47972,18e7ae88903fc3ae,duration,24,1,global_gbm,1,max_iter=200;learning_rate=0.05;max_leaf_nodes=63,1992
92400,3.1098,5.31716,0.0296762,47.3901,0.953961,1.01574,1,3.26706,2eca905fafee47d8,duration,24,2,last_observation,0,,2328
92400,3.1098,5.31716,0.0296762,47.3901,0.953961,1.01574,1,3.26706,6c5e093e87c55483,duration,24,2,seasonal_naive_daily,0,,2328
92400,3.11538,4.95461,-0.0379095,50.5597,0.953961,1.05697,1,3.30091,432d97a93fa60b10,duration,24,2,seasonal_naive_weekly,0,,2328
92400,2.8054,4.72925,-0.211973,43.5382,0.953961,0.898548,1,2.99286,cc29bfd1669809ff,duration,24,2,autoregressive,275,order=24,2328
92400,2.90117,6.64924,-0.15229,43.3229,0.953961,0.909248,1,3.08273,cbeaf5f8bf4a0eed,duration,24,2,zone_ridge,1650,median_alpha=1000.0,2328
92400,2.62589,4.08617,-0.126831,44.9872,0.953961,0.899459,1,2.79246,09a103342038f730,duration,24,2,zone_gbm,275,max_iter=60;learning_rate=0.1;max_depth=4;min_samples_leaf=20,2328
92400,2.89411,4.69284,-0.352091,45.8819,0.953961,0.975229,1,3.08695,76e3af22288e2a0b,duration,24,2,global_ridge,6,alpha=1000.0,2328
92400,2.49539,3.94589,0.229241,44.0695,0.953961,0.852401,1,2.64487,986fcf6ef24b4e9b,duration,24,2,global_gbm,1,max_iter=200;learning_rate=0.05;max_leaf_nodes=63,2328
92400,2.47133,3.96896,-0.0223386,39.3766,0.931948,0.825146,1,2.61186,fcb3f295f29a2a0b,duration,24,3,last_observation,0,,2664
92400,2.47133,3.96896,-0.0223386,39.3766,0.931948,0.825146,1,2.61186,ff47aeb80cad75fd,duration,24,3,seasonal_naive_daily,0,,2664
92400,3.40158,5.46414,0.434793,50.197,0.931948,1.07721,1,3.59899,3748d9b855cb8c3c,duration,24,3,seasonal_naive_weekly,0,,2664
92400,2.35363,3.70736,0.345779,40.15,0.931948,0.781239,1,2.47857,40d32d863a2968d2,duration,24,3,autoregressive,275,order=24,2664
92400,2.546,4.06297,0.647303,40.8463,0.931948,0.815053,1,2.68011,341d033fbfaa112e,duration,24,3,zone_ridge,1650,median_alpha=1000.0,2664
92400,2.68081,4.1199,0.751424,44.6559,0.931948,0.881037,1,2.78172,9f2f2e2817548c24,duration,24,3,zone_gbm,275,max_iter=60;learning_rate=0.1;max_depth=4;min_samples_leaf=20,2664
92400,2.33093,3.6687,0.166131,38.3445,0.931948,0.782071,1,2.45856,bcc877e2d591da35,duration,24,3,global_ridge,6,alpha=1000.0,2664
92400,2.25229,3.58982,0.149469,36.5418,0.931948,0.751704,1,2.38753,5d78294eccdf05bb,duration,24,3,global_gbm,1,max_iter=200;learning_rate=0.05;max_leaf_nodes=63,2664
92400,2.82955,4.50759,0.147167,43.6827,0.948128,0.964005,1,2.94364,b0a327cbbbfe0b21,duration,24,4,last_observation,0,,3000
92400,2.82955,4.50759,0.147167,43.6827,0.948128,0.964005,1,2.94364,5cb9afd61823c476,duration,24,4,seasonal_naive_daily,0,,3000
92400,3.23609,5.15536,0.181122,48.6607,0.948128,1.08462,1,3.38526,cd12d2f6ecb44b6a,duration,24,4,seasonal_naive_weekly,0,,3000
92400,2.60639,4.13583,0.15263,41.1072,0.948128,0.86846,1,2.72004,b19f167c1080048c,duration,24,4,autoregressive,275,order=24,3000
92400,2.52994,3.89019,0.209414,40.3805,0.948128,0.853697,1,2.63466,56dc9abcee0e33f0,duration,24,4,zone_ridge,1650,median_alpha=1000.0,3000
92400,2.54872,3.87568,0.311676,42.4688,0.948128,0.891247,1,2.63384,f68053d1ab26b0e5,duration,24,4,zone_gbm,275,max_iter=60;learning_rate=0.1;max_depth=4;min_samples_leaf=20,3000
92400,2.5996,4.06885,0.0286179,39.6578,0.948128,0.875876,1,2.71929,5954a40d44eee8be,duration,24,4,global_ridge,6,alpha=1000.0,3000
92400,2.37914,3.53049,0.672343,41.765,0.948128,0.840002,1,2.45704,ee776a75660322b1,duration,24,4,global_gbm,1,max_iter=200;learning_rate=0.05;max_leaf_nodes=63,3000
92400,2.11763,3.54075,-0.0378905,38.3278,0.927597,0.677519,1,2.19167,c779713a21effcc1,duration,24,5,last_observation,0,,3336
92400,2.11763,3.54075,-0.0378905,38.3278,0.927597,0.677519,1,2.19167,a1008ef2050a0947,duration,24,5,seasonal_naive_daily,0,,3336
92400,4.47828,7.84894,1.09928,82.9413,0.927597,1.30223,1,4.72488,26deceed04a20409,duration,24,5,seasonal_naive_weekly,0,,3336
92400,2.5359,3.98716,1.42009,61.3953,0.927597,0.811149,1,2.52776,72d0e8168ddb297a,duration,24,5,autoregressive,275,order=24,3336
92400,2.89281,5.82041,1.36138,60.7332,0.927597,0.872229,1,2.98743,d803c17b888719ea,duration,24,5,zone_ridge,1650,median_alpha=1000.0,3336
92400,3.03307,4.83997,1.63786,74.0569,0.927597,0.984052,1,3.06868,0479e79191e56f05,duration,24,5,zone_gbm,275,max_iter=60;learning_rate=0.1;max_depth=4;min_samples_leaf=20,3336
92400,2.30068,3.72928,0.693645,48.6049,0.927597,0.730571,1,2.35113,9cfdbe05bf8477bb,duration,24,5,global_ridge,6,alpha=1000.0,3336
92400,2.25658,3.77272,0.24493,45.7516,0.927597,0.709413,1,2.35404,3c92cb5e40137489,duration,24,5,global_gbm,1,max_iter=200;learning_rate=0.05;max_leaf_nodes=63,3336
92400,2.57063,4.57699,-0.00208063,44.7901,0.902868,0.826591,1,2.72432,af868cfeec765a1d,duration,24,6,last_observation,0,,3672
92400,2.57063,4.57699,-0.00208063,44.7901,0.902868,0.826591,1,2.72432,ff3a22b088a3622d,duration,24,6,seasonal_naive_daily,0,,3672
92400,3.51362,6.08728,-0.744527,63.1736,0.902868,1.13304,1,3.78245,462fc46f55156cbe,duration,24,6,seasonal_naive_weekly,0,,3672
92400,2.60482,4.32707,0.518418,57.07,0.902868,0.863972,1,2.70075,33658207e75b6c89,duration,24,6,autoregressive,275,order=24,3672
92400,2.57755,4.13484,0.117589,56.242,0.902868,0.86144,1,2.71508,fd156d8ab27e2a68,duration,24,6,zone_ridge,1650,median_alpha=1000.0,3672
92400,2.5997,4.04322,0.254742,64.1126,0.902868,0.922559,1,2.69626,0655c851ac64e162,duration,24,6,zone_gbm,275,max_iter=60;learning_rate=0.1;max_depth=4;min_samples_leaf=20,3672
92400,2.46524,4.1678,-0.170307,46.4583,0.902868,0.808226,1,2.61678,4118fd0c5d801ec7,duration,24,6,global_ridge,6,alpha=1000.0,3672
92400,2.28347,3.81558,0.13863,47.8708,0.902868,0.779968,1,2.40158,61b1e570172fbdf3,duration,24,6,global_gbm,1,max_iter=200;learning_rate=0.05;max_leaf_nodes=63,3672
92400,2.40744,4.25073,-0.00121843,35.4686,0.950108,0.777449,1,2.53156,10dae62b80b31169,duration,24,7,last_observation,0,,4008
92400,2.40744,4.25073,-0.00121843,35.4686,0.950108,0.777449,1,2.53156,0692f1ea5c466cf5,duration,24,7,seasonal_naive_daily,0,,4008
92400,2.53995,3.82979,-0.220694,51.1194,0.950108,0.934164,1,2.66742,79c4d7f3cf3f4aab,duration,24,7,seasonal_naive_weekly,0,,4008
92400,2.28908,3.84895,0.0717738,41.5141,0.950108,0.761646,1,2.41179,cc0d3aaa9aaf7b6e,duration,24,7,autoregressive,275,order=24,4008
92400,2.23423,3.57592,-0.58744,38.7766,0.950108,0.754643,1,2.39852,5c685830f08dce0f,duration,24,7,zone_ridge,1650,median_alpha=1000.0,4008
92400,2.11689,3.25664,-0.321566,40.7831,0.950108,0.751631,1,2.24481,b2df7a3cd554b90a,duration,24,7,zone_gbm,275,max_iter=60;learning_rate=0.1;max_depth=4;min_samples_leaf=20,4008
92400,2.33147,3.83616,-0.543477,37.9085,0.950108,0.797951,1,2.49043,1a0ae9f10d7dff27,duration,24,7,global_ridge,6,alpha=1000.0,4008
92400,1.97314,3.1074,-0.157884,35.5881,0.950108,0.691904,1,2.10008,dcb78bde00f3997e,duration,24,7,global_gbm,1,max_iter=200;learning_rate=0.05;max_leaf_nodes=63,4008
