zone_id,window_start,window_end,window_utilisation
1029,13,16,0.888135
882,0,3,0.80323
805,9,12,0.79958
775,2,5,0.771541
651,9,12,0.768088
771,2,5,0.766877
570,22,1,0.756091
715,23,2,0.71439
691,3,6,0.678516
601,2,5,0.655362
851,0,3,0.654711
719,3,6,0.652132
568,11,14,0.648837
844,1,4,0.639535
522,23,2,0.638972
633,23,2,0.630075
809,23,2,0.622578
575,5,8,0.620725
323,10,13,0.609851
596,4,7,0.606906
1026,4,7,0.597654
881,3,6,0.590579
595,4,7,0.586601
832,3,6,0.582311
733,1,4,0.57734
1098,4,7,0.57613
848,9,12,0.568637
708,4,7,0.566016
331,3,6,0.563092
890,21,0,0.562662
943,3,6,0.56017
996,23,2,0.541854
981,1,4,0.539393
986,3,6,0.533116
501,3,6,0.530678
106,11,14,0.53012
316,19,22,0.529554
965,3,6,0.52937
528,10,13,0.529246
588,3,6,0.521035
1049,22,1,0.516715
842,2,5,0.516085
795,23,2,0.51311
858,2,5,0.503679
1172,10,13,0.497201
888,2,5,0.496429
1124,1,4,0.49533
698,23,2,0.490956
974,0,3,0.48938
690,5,8,0.486213
102,22,1,0.485207
559,10,13,0.481686
1071,2,5,0.480082
592,23,2,0.480004
790,21,0,0.476623
1167,0,3,0.4692
227,9,12,0.46805
346,1,4,0.466641
745,23,2,0.460029
693,10,13,0.458054
792,23,2,0.455749
519,1,4,0.454592
526,3,6,0.453777
972,0,3,0.44584
552,3,6,0.443878
1164,1,4,0.440385
513,23,2,0.439684
704,22,1,0.436335
744,22,1,0.43535
773,0,3,0.434448
647,12,15,0.43314
582,7,10,0.432324
516,2,5,0.431761
746,0,3,0.431446
235,2,5,0.429061
802,9,12,0.428194
632,1,4,0.42739
576,4,7,0.426572
682,5,8,0.421357
1075,4,7,0.414123
982,3,6,0.412683
1083,23,2,0.411998
799,0,3,0.410596
217,9,12,0.409178
900,0,3,0.408915
520,10,13,0.406094
328,1,4,0.405349
108,23,2,0.405156
716,1,4,0.403847
703,22,1,0.40293
991,22,1,0.402873
983,23,2,0.401391
558,5,8,0.396318
343,10,13,0.392753
333,23,2,0.390944
1067,22,1,0.390267
628,0,3,0.384044
729,4,7,0.378255
883,0,3,0.374677
895,1,4,0.373256
958,9,12,0.372868
701,3,6,0.370317
340,20,23,0.369186
966,2,5,0.366866
706,3,6,0.365633
208,10,13,0.364192
891,0,3,0.361578
852,2,5,0.356589
1072,10,13,0.353653
855,2,5,0.350931
849,2,5,0.350697
1162,1,4,0.347604
1043,23,2,0.346514
330,9,12,0.346382
887,22,1,0.345661
335,23,2,0.342895
1082,10,13,0.341224
781,10,13,0.340338
967,23,2,0.339551
325,10,13,0.336834
1094,20,23,0.336671
598,21,0,0.33624
527,1,4,0.333466
1166,1,4,0.329765
1149,10,13,0.327802
1085,2,5,0.327651
321,10,13,0.327607
1126,9,12,0.326712
1000,2,5,0.320297
226,10,13,0.319592
969,1,4,0.317519
1137,3,6,0.316816
751,20,23,0.316699
1121,2,5,0.313849
216,3,6,0.311531
1095,2,5,0.30961
506,3,6,0.308415
903,0,3,0.308276
700,22,1,0.308198
1009,2,5,0.30711
1068,3,6,0.307038
326,10,13,0.306969
1031,2,5,0.302313
529,20,23,0.301195
975,0,3,0.299526
206,11,14,0.298846
332,10,13,0.297289
709,2,5,0.2962
587,0,3,0.293326
525,2,5,0.292595
329,3,6,0.291629
1173,2,5,0.290749
681,0,3,0.290052
1099,1,4,0.289621
307,2,5,0.288645
643,9,12,0.283544
1100,1,4,0.28303
699,1,4,0.281474
659,10,13,0.281223
777,20,23,0.280992
1011,3,6,0.280506
724,2,5,0.280448
512,20,23,0.280084
987,10,13,0.279759
310,4,7,0.279651
1159,2,5,0.279155
502,1,4,0.275717
904,3,6,0.274584
223,2,5,0.269722
897,3,6,0.268328
989,2,5,0.266032
638,0,3,0.26546
311,1,4,0.265368
712,1,4,0.258992
1111,3,6,0.258737
1156,3,6,0.258656
584,1,4,0.254087
1115,2,5,0.250656
1144,2,5,0.250513
1168,0,3,0.250361
1088,14,17,0.247458
741,3,6,0.244543
1062,11,14,0.243863
988,2,5,0.243622
1119,9,12,0.243436
862,3,6,0.242679
406,21,0,0.242179
1112,23,2,0.23595
109,3,6,0.23549
783,10,13,0.234496
1015,1,4,0.233547
589,1,4,0.232374
998,23,2,0.232016
577,1,4,0.23167
322,1,4,0.230216
320,10,13,0.23
1066,20,23,0.227326
1110,23,2,0.227273
215,10,13,0.225216
644,22,1,0.224685
705,10,13,0.223949
1074,22,1,0.221837
111,2,5,0.220497
309,4,7,0.220203
979,11,14,0.21772
937,10,13,0.215821
123,20,23,0.215601
107,2,5,0.214235
224,1,4,0.213834
594,3,6,0.207721
105,1,4,0.207406
124,2,5,0.206672
1090,2,5,0.205597
347,10,13,0.205293
637,3,6,0.204596
1087,22,1,0.203198
977,1,4,0.202152
655,9,12,0.198724
553,9,12,0.198687
731,3,6,0.197997
578,21,0,0.194121
1120,11,14,0.19235
728,1,4,0.191244
204,12,15,0.190993
732,10,13,0.190762
1081,9,12,0.186418
1102,1,4,0.18614
585,3,6,0.183624
1061,1,4,0.183032
984,19,22,0.182534
901,13,16,0.180233
710,10,13,0.179614
1154,3,6,0.178735
408,2,5,0.178499
1106,20,23,0.178471
1076,20,23,0.17811
213,10,13,0.176684
1143,3,6,0.174642
1125,19,22,0.173062
737,9,12,0.166505
324,10,13,0.165488
508,20,23,0.164703
804,3,6,0.159574
656,3,6,0.157519
110,1,4,0.156555
711,3,6,0.155381
1135,13,16,0.153888
1107,12,15,0.151647
686,9,12,0.14867
1134,12,15,0.146218
1096,4,7,0.145903
511,22,1,0.145607
1092,1,4,0.13792
214,0,3,0.137597
202,19,22,0.135081
225,9,12,0.131541
1104,3,6,0.130778
1163,16,19,0.130599
1138,16,19,0.126817
115,18,21,0.11906
902,12,15,0.117068
893,10,13,0.114879
1130,17,20,0.112957
205,20,23,0.11236
1113,2,5,0.110465
718,16,19,0.103359
631,10,13,0.101117
580,23,2,0.0994186
1109,19,22,0.0903239
212,11,14,0.0857738
348,2,5,0.085565
1114,9,12,0.081137
687,3,6,0.0796189
104,2,5,0.0735414
1060,11,14,0.0672965
